D88,D27,D14,D33,D36,D45,D57,D63,D54
172.2264,92.9042,0.1434,-179.6211,-64.6288,-169.5349,166.1635,161.6425,155.6622
-174.3911,86.0832,178.034,-175.6197,176.1251,-59.8112,-172.0465,165.3538,-44.7615
179.0893,-86.525,179.6629,-177.5179,-166.7463,-169.5705,160.5711,62.3571,156.0442
-174.5776,86.3606,177.0301,86.7532,176.2128,-50.1072,-62.4018,177.3058,-44.2712
-179.1441,87.0123,179.2022,-81.7962,-67.5355,-61.2518,176.9302,-68.4193,-62.62
-175.3107,-91.9939,-2.9099,87.1482,173.7985,-170.2991,-89.0701,-70.1801,-48.6663
176.0877,-86.3485,176.1037,86.9952,172.1671,155.9484,80.5507,141.8991,-48.8394
172.2845,87.5742,-179.6806,82.0509,-161.3898,70.8578,-172.7257,76.0661,-170.6607
174.9645,92.7709,0.7634,176.9143,-68.2825,-54.8821,-92.3075,164.4209,-63.9471
-165.1544,-90.4116,105.8314,-81.4027,-66.2639,68.2411,179.6274,163.4593,-68.3365
-175.2912,86.1361,179.0796,179.7734,-67.0897,-176.4363,-92.7505,-70.6905,-76.1433
-176.8495,-92.5188,-2.5767,-174.7055,-58.2757,-83.0845,69.301,57.5548,77.5878
179.9712,-86.8516,-175.8049,78.8416,-170.2186,-57.611,-175.4432,-66.9166,-163.2587
174.6722,-86.0354,-178.051,177.3323,52.8251,-171.017,160.2049,62.6502,156.3017
-176.976,-87.5851,-175.5948,79.3722,-176.8616,-74.2962,-154.1311,-56.704,86.9802
-175.1256,-92.3619,-1.3356,-178.6569,-165.9479,64.9277,-172.7326,-57.0475,-170.706
172.2051,-85.7929,178.7843,-177.9221,-69.9439,67.8259,94.1555,171.987,178.0759
-175.1522,85.97,-178.408,177.1892,49.0489,54.7951,158.0694,-72.9748,-179.6521
172.8187,-85.8067,-177.5501,177.1179,-88.5488,51.434,166.8993,69.9795,176.0765
172.0559,-87.8061,-79.8028,-82.1699,-65.6232,69.7048,172.0034,63.8577,-69.9579
179.825,91.1302,2.0477,81.2565,-166.5258,71.4071,94.5736,70.1996,-167.1156
173.6508,92.986,2.8297,175.8405,-89.2841,46.2541,170.9751,70.8779,-72.1595
176.0816,91.7591,2.9708,-83.9468,-67.1867,73.5257,177.0725,-68.1098,179.6237
-177.5786,-88.4087,-140.82,-121.1749,-179.9803,-66.3328,94.4983,77.0309,-56.4153
-169.2787,-91.3372,-31.3956,104.8831,51.2638,-81.7928,-164.7496,76.3565,98.937
-177.5376,-87.5765,-178.709,-82.8643,-67.5368,-61.2814,176.6683,-68.4778,-61.2895
-175.3228,86.4259,-176.4518,176.2196,88.7428,-52.2316,-87.8837,162.6356,34.639
176.2367,-86.4839,178.1364,86.3254,174.2666,-175.5788,-70.5732,164.03,-50.4486
-173.1037,-92.3945,28.7097,-108.8436,-179.9507,-175.5613,-91.9314,-70.8021,-65.7319
175.0973,92.4475,-1.4607,-176.8722,177.0567,-71.5412,123.7792,-61.9741,-47.1577
173.8867,-91.5478,2.2515,80.2735,-170.5805,-57.5713,-175.4406,-66.7956,-165.0938
172.5115,92.6109,2.8077,176.5579,48.7404,54.6565,158.1898,-72.9955,-179.5096
179.3305,-86.5521,179.591,-177.4788,-166.976,-171.0073,165.8877,161.8511,156.2853
177.3555,-86.5709,178.2096,86.434,174.2212,-170.3307,-88.8202,-70.049,-50.5032
-174.0486,86.4606,-176.7459,-84.0052,-68.4277,73.3617,177.6165,-67.7794,179.2784
-173.6049,-92.7416,2.2214,174.9793,64.0894,63.02,-94.8998,160.3124,53.4535
-175.3485,-92.4892,-2.7274,-175.9811,177.168,-71.413,123.6133,-61.9604,-46.7376
176.1513,92.382,0.6946,-179.6312,-62.1906,164.4153,80.6867,68.5309,73.5751
-178.4711,-92.1342,-1.8139,-178.5216,-59.8009,-47.7399,-61.8688,175.7527,-68.4868
176.9915,-86.9598,-175.3733,-84.5958,-62.098,73.7894,170.2625,63.7273,-69.4176
-171.0325,-90.8444,-28.4823,102.3877,46.8547,-170.0402,161.5857,-70.2158,154.3
174.0635,92.5018,-1.1779,-177.9339,178.184,62.5623,-168.0598,173.2275,-49.2074
-173.2824,-92.4618,2.0985,176.4528,-90.8747,46.0933,-177.708,169.7321,-72.1665
175.2228,-86.3107,179.0818,-176.734,179.0439,178.2886,-70.0292,104.2027,-50.8034
174.1112,-86.4898,178.8909,-175.21,178.4963,-47.9271,-118.1357,-60.7634,-45.8027
-171.6795,-92.9149,3.4745,-84.3769,-65.135,69.4876,-177.2099,165.7517,73.8487
176.4737,-87.489,-155.3364,-106.0992,-163.4977,-68.8782,94.2488,76.8298,-165.0124
177.9776,92.1311,-0.5842,-179.1416,-167.856,62.8589,106.5487,169.025,-167.6817
170.7332,-87.3896,153.2702,101.2434,45.2671,-169.9391,161.1376,-70.2616,153.9987
-175.0504,86.4722,-179.4273,177.1558,63.1385,58.9106,70.4293,146.8387,53.8511
-174.3134,86.0731,178.1232,-177.4339,178.4887,62.8858,-167.8602,173.2461,-48.7383
-172.3937,86.3287,179.5213,177.9863,-67.9409,-54.6611,-91.7802,164.4754,-64.1453
175.3311,-85.8903,179.8908,177.6978,-64.5177,-49.1299,-120.9885,75.249,-64.413
179.0938,-86.6614,179.9884,-179.6044,-60.0163,-47.7574,-61.7584,175.8311,-68.3331
172.7804,88.6464,152.2522,124.8045,-70.0803,-54.826,-82.9833,167.7609,-173.2268
-175.8507,-91.7258,19.5392,-99.7772,-158.8953,64.9838,-168.8026,172.5879,-167.8573
172.8815,-86.0818,-176.1918,-84.1632,-62.342,70.8674,172.6653,64.7271,72.3669
177.0317,92.108,-1.0652,85.8528,172.0666,-59.5714,-172.2168,165.3212,-41.5003
-176.3591,-92.2826,0.9175,177.8197,58.4254,-71.1587,-89.3501,160.1685,-178.8196
170.6306,-85.8029,165.365,97.4732,50.7313,51.6884,157.1678,-72.7876,72.3032
172.3561,92.8484,-17.6496,99.2742,50.4441,53.6147,58.712,64.9131,74.4796
172.5364,92.555,2.7866,177.4403,67.668,60.6531,110.6699,-63.571,47.8366
-176.675,-92.3178,-2.2736,-174.812,178.7473,-47.5848,-117.7228,-60.6626,-45.368
-173.4159,-92.7436,2.4568,177.1443,-90.6559,50.935,179.5781,168.9394,176.9656
-176.0431,86.6092,177.4139,86.196,171.5188,-59.7037,-172.3692,165.1937,-39.8408
-171.5608,-92.4241,-1.2667,179.015,-64.1708,-48.9066,-120.6759,75.376,-64.5209
174.9809,-86.1432,-174.364,-85.9355,-63.6324,69.4256,73.6406,74.8972,75.6825
-177.7868,90.852,0.7779,-83.2392,-63.0177,-177.7739,-94.191,62.6526,-75.291
177.3916,90.9318,-22.9497,118.63,-71.5375,-55.3889,-83.32,167.7188,-173.2409
-165.4122,-90.6083,105.2534,-82.5313,-65.6672,69.8714,171.9189,63.861,-67.6734
-178.1075,86.5719,178.5915,-179.0187,-167.8543,63.0176,106.8376,169.0105,-167.6566
-178.6702,-87.2972,-178.3259,-84.2273,-53.9058,-48.158,-62.3144,172.1988,177.3276
172.0315,-87.7711,-158.6195,-97.9167,-159.652,-160.8175,-101.6171,-65.9936,152.503
172.9413,-85.8746,-177.2889,176.6068,-91.1598,50.9732,-179.4945,169.2373,176.3572
-172.6681,86.0019,-178.2637,-83.8205,-64.3642,-169.0129,163.0982,-70.5686,155.5829
-174.9348,86.4822,-177.3912,173.4743,63.0832,77.3143,-73.5048,-178.8077,53.2236
-175.5504,86.5886,179.3856,-82.8867,-53.622,-47.9844,-62.414,172.009,177.6427
-173.7908,-89.423,-143.5063,-131.5104,58.5186,64.6333,171.8325,69.2911,177.7195
-176.3514,-92.2203,1.4245,176.896,47.3737,54.3287,58.2871,65.1024,173.8234
-178.3111,86.464,178.2007,-178.4649,-174.74,-174.2851,-97.448,-72.2641,57.8834
-175.1659,86.2384,-178.5842,177.5602,-84.5542,46.2933,165.7464,70.1243,73.6456
170.3068,92.0988,-29.9594,103.6471,50.2447,-82.2132,-163.8767,76.5564,99.0096
-176.322,-88.02,-176.439,80.1973,-171.3618,-161.5014,-103.0529,-65.7553,155.7344
-174.1014,86.0929,179.452,-81.6762,-63.4209,165.2843,62.1096,68.0878,77.6581
177.3959,-86.2639,-177.7648,176.0721,63.1561,59.1741,70.4761,146.7424,53.1511
-175.7745,-90.3298,-31.1627,101.7297,40.7862,170.8186,178.1424,-59.111,-83.4652
178.3882,87.1577,-175.9533,78.6149,176.3305,-174.306,-98.3145,60.9448,54.3526
174.481,-86.1072,-177.8416,177.5068,-84.8996,46.1635,166.4515,70.267,73.951
-173.5708,-92.6359,1.8711,178.4753,67.8161,60.5272,111.4161,-63.6621,48.4317
-179.3217,87.2021,-175.5244,-84.9817,-62.4572,73.78,169.734,63.5594,-70.5202
178.4445,92.5583,1.4453,-83.353,-63.3473,165.7181,62.6097,68.0517,76.8519
-175.7238,-92.5926,0.7343,-179.8975,57.3213,65.0112,93.2661,72.4518,177.6598
-179.2796,91.6056,-0.9194,80.7838,-166.8556,64.6201,149.5203,61.9277,-161.9431
-179.597,-91.901,-2.0647,-177.1722,-167.1536,-169.5187,160.3514,62.4662,155.9903
178.1534,-86.338,179.0819,-177.4273,-165.1045,-52.2382,-63.1364,174.0227,-170.639
175.4645,92.5679,-1.7338,-177.9623,-61.7324,75.756,177.4826,-67.3568,74.9827
174.1326,-90.6169,-0.5246,82.6482,-165.1441,68.5849,112.0323,168.928,-167.476
173.8187,-87.1915,-149.2215,-114.367,176.2229,-51.366,-120.56,76.1563,-53.8912
177.5557,92.1445,-0.0127,-178.0804,-166.8685,66.5229,58.9541,65.1506,-169.9241
-177.4988,-92.0219,-2.3713,-176.3225,179.1778,178.2324,-70.0856,104.279,-50.3329
179.434,91.4113,-0.8119,85.7245,175.4286,-41.9701,-107.1746,82.301,-40.974
173.4207,-90.9303,0.1537,82.341,-166.7286,71.597,95.0183,70.3323,-169.0794
-175.1104,86.2776,177.5434,-178.3473,-69.9651,68.1995,94.6866,172.3371,-69.135
176.0179,92.8487,0.4662,179.3242,-67.3556,-176.9662,-92.9401,-70.9708,-76.0364
179.9736,-87.6603,-179.3775,81.6036,-165.1607,68.4445,111.8515,169.0711,-165.5811
177.9033,92.4925,2.846,176.0798,47.3464,54.4052,58.4352,65.3109,173.9983
174.3449,-85.882,-179.4045,-179.756,-59.5094,-52.0141,-74.5089,91.7465,175.8871
178.8469,92.0784,1.6194,178.1044,58.296,-71.4798,-90.1706,159.8921,-178.6405
178.395,87.4366,179.5118,-82.5437,-63.3498,-177.4379,-93.9982,62.9137,-76.3325
-175.0063,86.026,178.9505,-178.4361,-59.0977,-52.1591,-74.4485,92.0096,177.0192
-176.2517,-92.0955,-0.492,-82.8861,-64.1607,-169.9014,-67.1997,-45.9782,-179.7696
-172.2929,86.1401,-176.0704,-84.334,-62.675,70.7317,172.0534,64.403,73.0957
-176.1412,86.6384,177.0348,86.3975,-178.3806,66.8115,115.2285,-64.4536,-48.555
177.0824,-91.3643,-3.1135,82.156,-166.7094,65.1204,150.0882,61.8732,-164.2082
174.2386,92.3174,1.1815,-179.8609,57.581,64.4276,-163.2106,173.0306,176.9329
-179.9836,-87.178,176.8826,87.3387,173.2314,71.7878,94.1025,172.0072,-45.6128
-175.854,90.6477,-28.6496,99.8583,39.3053,170.6018,178.3411,-59.0134,-83.8572
173.0462,-86.2437,179.1034,-176.9568,177.3165,-177.3622,-71.0887,163.972,-53.1045
174.8373,-86.422,179.6541,-177.1209,176.8222,61.6954,70.3521,-81.2978,-50.4637
173.1343,89.6985,-147.4539,-127.9398,59.1782,65.3043,171.4604,68.8125,177.1099
-176.106,86.7291,175.3489,87.8534,172.8136,71.4121,93.9073,171.7592,-44.1706
172.5869,92.8427,-24.3344,105.4458,58.3916,162.5189,82.6119,130.6508,71.1123
-172.4897,86.9497,-153.4528,-111.0036,177.8872,-51.0086,-120.1142,76.2075,-55.4767
-174.4583,-92.6808,-2.6648,-177.3784,-61.2846,76.0494,177.6089,-67.2324,74.758
-171.2257,-92.2681,-3.677,87.1809,175.3893,178.0852,170.2082,71.8025,-51.4484
178.4199,-91.1805,4.8318,-86.205,-64.2549,72.7055,73.6291,75.0432,-68.4574
-176.9297,86.3206,178.3352,-176.5026,176.9153,61.8869,70.6825,-81.1105,-49.9034
-171.4179,-90.6809,104.6649,-82.2945,-64.2327,66.0757,-178.644,164.2822,71.9813
-170.749,86.012,-179.9414,178.594,-66.7717,-55.2992,-88.7326,111.7308,177.5153
-172.4922,-92.9644,1.6358,178.2709,-94.6805,50.812,74.6086,64.3524,177.4932
-172.6798,88.0596,77.1877,70.3546,171.6733,-175.6537,-97.7262,60.9718,49.6394
176.8907,92.4658,-1.5044,-178.5332,-70.1328,68.1928,94.0841,172.1475,-69.0063
-178.3576,-87.5528,-174.0094,-86.1393,-63.6431,72.1649,72.605,74.1944,-67.7344
175.773,-87.4496,-156.9179,-104.504,-167.0808,65.4566,159.9103,160.2369,-163.4121
-178.8512,-91.5061,-4.1686,88.4746,172.5098,71.3733,-91.0504,162.8935,-43.7295
-177.4439,86.9543,177.5847,86.158,173.9234,-50.0983,-87.9312,165.4093,-40.687
-175.2329,86.7795,-177.2765,-83.3743,-73.8174,64.4614,96.5419,172.9269,173.9366
-176.261,87.372,-161.2095,-99.5797,-159.2906,65.571,87.3119,72.0685,-166.6125
172.5705,92.7244,2.172,177.8371,-95.4327,50.6921,74.741,64.1812,176.9913
-168.969,-91.1807,-30.4082,104.3079,50.842,-82.6461,-160.291,172.0414,98.6261
176.7191,90.6722,23.6766,-105.055,-159.7412,-49.9879,-85.8521,165.4355,-166.8834
173.8109,-85.6642,-178.2144,176.7492,-96.2296,47.0519,77.2448,64.4257,-73.2311
-175.1662,-92.5925,-2.404,-175.7757,-179.7162,-43.6997,-88.0166,-36.3237,-46.3381
175.1503,-87.4484,160.9921,116.7511,-73.092,-55.1119,-85.9658,166.5198,-62.4118
173.1146,-86.4882,178.8179,-176.2914,179.9678,-43.9807,-88.0133,-36.1241,-46.6937
-174.4571,-92.4043,-0.1806,-81.9771,-68.7192,-54.4903,-88.4528,166.0676,-177.862
-175.7137,-92.4673,2.1222,177.0492,-86.6389,45.4109,178.5758,168.8927,72.7874
177.4767,-90.2457,21.7761,-114.0881,61.9399,68.4328,-171.6739,175.498,177.7175
175.0654,87.0379,-178.2981,80.4275,-174.045,-67.8416,96.5325,77.096,-167.8748
-171.301,-90.961,-28.4193,102.5338,46.7573,-170.8526,164.6848,162.1118,154.1704
-175.7287,-91.3063,21.7556,-103.4909,-158.4985,-50.08,-86.0223,165.4717,-164.6794
174.7378,-86.1923,-177.4648,176.7874,-86.887,45.4459,179.3486,169.4307,73.1254
-177.066,86.2373,178.8361,-177.5085,-166.8581,66.5493,58.8819,64.9431,-169.8243
174.0414,87.7841,-178.4716,80.8037,-171.8972,-161.0442,-102.6936,-65.5464,154.799
175.8416,92.7988,-2.9007,86.6865,175.4925,177.9949,169.9979,71.7856,-53.2978
178.2644,-86.5319,-179.7521,-178.6021,-170.0601,65.1093,152.7149,-72.206,-163.8996
173.8794,92.3591,2.6939,-83.5856,-73.7406,63.94,96.1969,172.5105,173.66
-179.6959,87.2842,176.6606,87.3494,174.3808,170.2623,171.861,-69.8202,-46.7797
-175.2086,-91.5905,20.0641,-100.3002,-159.3742,64.5001,-179.8101,73.9857,-168.5587
178.6914,-86.9605,177.4694,87.6178,172.937,71.5253,-91.3184,163.0373,-45.2045
176.0871,92.5768,-0.4166,-177.7563,-166.0199,-165.967,-70.4626,-50.0329,-153.0346
172.1947,92.9025,0.0554,-179.745,-64.3798,-166.0409,-89.3577,163.5999,155.336
-179.877,86.6615,178.0686,-177.123,-167.3153,-170.9227,165.7224,161.894,156.1893
-176.2482,-91.492,21.9731,-103.2186,-166.175,65.4228,159.3627,160.3011,-160.2704
-176.7151,-92.4979,-0.1212,179.5069,71.3853,-58.5702,-166.7704,68.6299,-173.8335
-178.4558,-92.2253,-1.0261,-178.5727,-170.0999,64.5851,151.2968,-72.0871,-163.9454
-174.9075,-92.277,1.052,176.7616,62.4997,57.1693,70.2093,-79.4188,54.3425
-176.2734,86.2547,-179.301,179.9824,57.812,64.7509,-166.5745,-56.7898,176.1474
-173.1125,-90.9305,-26.8898,104.4212,54.4012,-64.1434,-78.0866,166.7832,176.9765
-175.09,86.0532,177.8966,-176.3036,177.5273,-177.0902,-70.7899,164.1087,-52.5421
178.7439,86.8924,-179.9286,179.3527,55.7634,164.8099,162.4839,62.0047,-68.4218
-179.3559,-87.8191,-178.3062,81.1348,-161.2677,70.6097,-167.2442,-55.4738,-168.6238
-175.697,-91.866,31.5513,-110.1907,-179.8817,164.1984,-91.9281,163.7093,-67.2977
179.7445,92.0653,2.4663,175.8913,62.5343,57.2261,70.2245,-79.655,53.5984
171.0979,92.2439,0.8224,-82.5243,-61.6298,163.3105,79.8382,68.6862,71.7887
173.7224,92.4617,1.4168,179.7441,57.639,64.6753,-167.0461,-56.6293,176.5607
-175.9253,87.0875,154.5034,103.5149,48.5742,-174.8454,-63.8974,91.1092,165.7585
-177.0843,87.1216,178.0711,85.6935,174.2471,-43.7116,-111.2892,79.77,-38.6985
-176.7623,-91.9129,-4.4817,88.7683,170.1644,64.8033,82.5518,155.5126,-44.1849
-175.9342,-92.2068,-3.479,-175.4058,-66.363,-70.5026,122.3916,166.0816,-65.2224
-172.9145,-90.9198,-30.1954,98.0968,35.6638,51.8799,164.2654,160.1903,-75.6007
173.458,-85.9828,179.1964,-177.6763,-62.1732,-82.4055,133.9941,-69.8655,81.4233
-172.895,-91.2328,-22.9749,99.7272,39.5489,54.2312,159.9617,-72.9957,178.5064
177.0423,92.3923,1.4189,-83.0224,-69.0868,-54.561,-88.1761,166.2137,-178.402
-174.2664,87.0021,-149.5374,-111.2684,179.9083,165.8534,169.6347,-70.2981,-64.7284
-175.7916,-92.7337,-1.965,-175.7126,177.4123,89.2225,-69.8792,98.2933,-47.343
175.0554,-87.1601,-158.8574,-101.6776,-160.5522,64.6728,-179.5749,74.0224,-171.0273
179.0253,91.6559,-1.7312,86.8986,174.9328,170.5613,172.6127,-69.6619,-48.564
-178.7233,-87.2813,-177.1213,-84.1122,-58.5758,-63.4263,96.65,78.3653,-62.9092
-172.6729,85.8078,-178.6269,-82.6843,-61.4786,163.9901,80.4377,68.8248,72.0911
-173.7246,87.3345,-152.2597,-113.68,176.2527,-62.5719,-175.3321,164.6081,-54.5406
-171.1177,-91.0242,-28.4643,102.4118,46.8121,-169.5245,159.6123,62.5846,154.1153
-172.9095,-92.8271,-1.7214,-177.6762,-69.7229,66.9013,92.9467,-56.6339,178.8124
179.2384,91.5638,-1.919,86.929,171.7371,90.1709,-66.9207,174.0006,-43.9861
-172.1459,-92.8614,-2.057,-176.6094,-61.8298,-82.2158,134.2122,-70.0094,81.1329
-175.6331,-92.6896,-1.6253,-177.2897,-166.1321,-165.7221,-70.6424,-50.4309,-150.991
177.7099,-90.9871,28.0692,-99.3102,-150.9359,62.3719,-179.1047,74.8559,72.3403
172.8508,-87.6224,-80.2014,-81.4568,-65.6133,69.3082,173.6572,-70.287,-70.0869
-179.5955,91.4257,5.0419,78.8301,-168.9182,-48.3409,-83.8452,165.9275,-167.1866
178.6577,-91.3963,-1.1907,-82.5349,-63.1512,-176.2864,-92.1498,-70.1641,-76.4643
174.6841,-87.2977,158.5596,102.0574,52.8936,65.6266,-161.9018,172.9672,172.4266
-174.8982,-92.5563,1.0857,178.4654,-91.1954,48.2837,75.1088,63.6264,72.7612
171.9963,92.9587,-1.3109,-177.7156,-70.3345,66.5548,92.4768,-56.7205,177.8154
174.8101,-87.2351,-158.7679,-101.6022,-160.3977,65.1992,-172.0986,-57.0644,-170.8618
175.2064,-87.7186,-151.5592,-100.5841,-152.0494,62.5868,-178.9904,74.9255,72.3065
175.7312,92.2571,1.9817,178.1723,-91.633,48.1619,75.2488,63.3181,73.0934
-172.2879,85.9472,-179.389,-82.783,-58.6347,-73.9878,-152.8526,172.6442,90.353
-177.4647,-87.915,-178.4866,-83.5151,-63.1173,-176.6194,-92.6528,-70.5212,-75.3527
-173.942,86.1732,-179.3217,177.0518,65.3541,160.6027,70.5424,-83.7607,53.262
-172.2241,-92.4899,2.3012,176.1489,-90.4782,46.3796,177.039,-61.5732,-71.9522
-173.9823,86.0268,179.764,-82.4658,-56.3435,-82.358,69.6374,56.0777,76.3791
174.1483,92.8225,-1.5001,-176.366,175.762,156.7526,67.9525,-80.3158,-50.6492
177.1838,-86.3434,-178.0403,176.5797,65.2087,160.2925,70.371,-83.4912,52.7395
-178.7303,-87.9926,152.5362,97.1246,35.2417,52.3594,159.2027,61.107,-76.0993
172.5991,-86.0852,-176.364,-83.8156,-62.6026,70.6546,175.0211,-68.5196,72.7153
175.0763,-86.1053,-179.1775,-179.8581,-62.8245,164.3074,81.8424,134.9183,80.1458
174.3488,-91.2848,2.1994,80.448,-168.8889,-48.0682,-83.5529,166.1263,-169.2809
176.9007,-86.08,-178.2094,178.1187,54.9964,-172.0549,-65.1292,-45.9187,176.8494
171.8313,-90.8055,0.4027,82.1317,-161.6102,70.8087,-166.7976,-55.4262,-170.4036
-178.8125,-91.9924,-1.8752,-79.4397,-91.0979,48.5414,172.2494,71.1302,-76.5214
172.536,-85.6981,-177.6497,177.2088,-90.4315,50.946,173.3192,-63.1204,176.0624
-179.799,87.2937,176.278,87.611,171.258,90.0652,-66.663,174.109,-42.5328
174.9111,92.4957,-1.499,-176.5447,174.9421,149.4951,78.0438,-86.27,-51.5508
174.1933,-86.3619,179.1598,-177.0126,177.909,176.0433,175.9193,-60.2533,-55.42
-177.3467,-92.0061,-2.4857,-176.0268,175.1205,149.5395,77.9597,-86.3318,-51.0651
-173.3409,-92.6847,1.1435,176.8525,64.0142,151.1276,78.6803,-88.3866,53.9344
173.199,92.9332,2.8704,175.7257,-91.0513,46.281,177.9914,-61.2911,-72.0458
-175.6774,-92.4627,-2.5474,-175.8779,175.9411,156.855,67.9444,-80.4411,-50.1879
175.9058,90.9654,22.0359,-101.8343,-162.5607,63.3417,107.0074,169.0272,-167.6235
177.7238,88.161,-153.5591,-98.8027,-150.5445,62.6507,-169.0003,172.8854,71.997
173.7432,92.7246,3.1191,-85.2236,-64.766,-169.0375,163.0102,-70.6059,155.5219
-171.5292,86.062,178.3797,179.263,-63.7502,-49.2161,-123.4865,-60.2703,-64.5794
-174.2672,-91.0647,-24.1889,100.532,37.7297,53.123,58.6023,65.1359,171.1699
172.8209,-86.3402,155.7482,106.516,58.4171,61.6475,-94.235,160.088,68.7973
-179.2605,-88.0291,157.2951,104.0462,66.4902,-60.9276,-158.2043,167.9858,-176.5845
174.0809,-86.1582,-178.2874,176.2677,63.7451,151.0587,78.4528,-88.3228,53.4428
-179.6329,-91.9126,-1.1097,-82.2112,-65.4881,-55.4403,-92.9104,164.1792,-62.7904
179.0846,92.2163,0.4963,179.5313,-62.0149,-52.3671,-73.5152,95.024,-66.4239
-171.9232,85.8625,-176.0132,-84.468,-63.493,70.6344,175.5124,-68.2097,73.4841
173.4696,-85.9198,178.5694,-176.6893,-61.8358,-80.7679,133.4115,164.1486,80.7755
175.7406,90.5985,20.8949,-101.0811,-160.1172,65.1121,-168.6403,172.5622,-170.5273
175.0077,-87.1884,-156.7957,-103.3887,-161.6552,66.3291,58.1317,64.6516,-169.3423
175.0089,-88.0008,-152.0049,-100.1436,-151.8061,62.8694,-168.8746,173.0016,72.0222
172.3981,-86.454,159.2184,103.2389,54.5236,56.0271,72.6271,149.3922,71.0887
172.0476,91.9844,-22.9683,99.0041,36.4589,53.1591,58.4708,64.9514,168.7898
-178.1938,-87.3745,-178.0623,-83.367,-65.7371,-55.4992,-92.8327,164.0987,-61.5824
-175.1699,-92.3721,-1.5262,-178.5481,-165.8507,64.9163,-168.8515,172.72,-170.2374
-176.974,-91.4936,23.6242,-103.6648,-157.9398,-51.9641,-63.0804,175.1009,-166.3537
175.889,90.8348,21.1698,-101.0205,-160.4372,65.9318,87.7622,72.1571,-169.344
177.6805,-86.3278,179.6372,-179.1435,-167.6387,62.7997,106.8091,-62.785,-167.2713
-171.2331,-93.0712,0.1101,-82.8,-58.3802,-72.8629,-153.0858,78.4193,89.251
-173.0617,86.4083,-159.3374,-104.0261,-175.1652,62.5734,-167.3491,173.2575,-62.6809
-179.0029,86.975,179.984,-82.4745,-60.4512,-49.3225,-122.3985,75.2906,-63.0232
-172.8567,87.5881,157.0665,102.96,53.1566,66.0487,93.3699,72.4248,175.4642
-178.6379,86.7997,179.8677,-82.1466,-53.2235,-44.7584,-151.5314,173.0302,-65.7815
174.9755,-91.7522,2.0419,80.648,-169.6881,-176.2239,90.8805,80.0166,-175.3755
-175.5837,-87.8234,-178.2952,-83.4457,-53.0157,-46.0884,-62.348,175.7331,-66.78
-175.1197,-92.6121,-2.5696,-177.9741,-70.2925,66.9951,92.7932,-56.804,-69.8371
179.0864,-91.6738,4.9697,78.7514,176.0703,-173.4633,-97.4442,-72.1428,53.7584
-175.4575,-92.6901,-2.1819,-176.467,178.0917,176.1189,175.7157,-60.1937,-54.8809
178.5955,91.6309,1.4123,-83.6846,-60.5774,-49.4741,-122.6015,75.3014,-61.6537
176.1965,92.2904,-1.5683,86.4826,173.2841,-70.9851,123.6421,-62.0181,-44.0467
-176.0966,-91.9176,-2.2394,86.6333,172.9055,-71.2792,123.7837,-62.1139,-42.5741
177.2143,92.408,0.8405,179.519,70.8181,-60.1787,-160.6446,-62.4757,-174.1138
-172.4959,87.1465,-154.0859,-110.2562,177.3291,-52.676,-124.1747,-60.1676,-55.7058
177.7417,-86.7531,-152.8877,-109.0472,-177.9957,62.2733,-167.6544,173.2677,-60.9786
-179.4511,-87.0004,-179.1901,-80.6034,-90.3124,48.3448,171.901,71.0911,-74.1552
-177.8897,-92.1939,-1.4316,-179.1232,-167.7513,62.8249,107.1232,-62.7457,-167.2943
174.8496,92.5428,2.6076,177.5113,-86.2034,45.4976,171.5076,-63.5311,73.7296
-177.4053,-87.4971,-176.4248,79.7733,-173.6268,70.3367,64.6159,68.3614,-168.7675
-173.4139,87.2378,-158.5072,-101.9389,-160.04,66.3038,58.1895,64.5456,-166.4564
175.1635,92.1929,-2.0682,-176.4596,-179.9877,-51.0773,-72.7142,-41.5012,-47.7665
177.4179,92.2607,-1.4855,-177.1223,-66.4726,-71.8549,123.02,-63.66,-64.8161
-176.8709,86.4736,177.3892,-176.3195,-179.6263,-51.1689,-72.9522,-41.4452,-47.3988
-177.1242,86.2631,178.764,-177.3259,-164.3976,65.8571,63.8192,141.6827,-170.5343
-172.566,-92.6715,-2.6178,-175.6694,-61.4908,-80.4598,133.691,164.0192,80.3848
-176.3248,-92.052,-3.5395,87.6473,173.2247,71.3798,92.9298,-56.5282,-44.5731
173.6079,-90.7628,1.4111,81.2916,-173.7487,70.3416,64.6988,68.5718,-171.1555
175.8194,-90.6845,27.2928,-98.6383,-151.5234,62.8855,85.7924,71.0585,72.722
-175.6503,86.2712,177.959,-177.3028,-66.5337,64.9252,92.0968,-56.6733,77.8195
-175.7649,-92.3542,-2.8535,-176.2708,-66.3255,-71.827,123.0551,-63.6878,-64.9977
177.6598,-86.3462,-177.7515,176.4464,47.4629,54.4534,73.5915,151.5421,174.6569
176.846,-87.4463,143.9494,113.0705,87.5338,-44.8911,-74.3016,-176.2902,45.5538
175.4581,90.17,28.9466,-100.0387,-152.6221,63.1846,86.057,71.217,72.639
-176.2319,-92.1217,-2.0522,-177.8418,178.0663,61.7265,108.9367,168.7641,-49.1451
179.4245,91.7356,-3.558,88.4991,168.8934,64.1634,76.6674,-77.9543,-45.0363
177.1326,92.0255,26.9037,-107.3075,-176.5914,63.9934,89.5758,71.4397,-62.1084
179.5915,91.0469,-23.7721,103.7507,69.6436,-56.6586,-168.2307,68.5092,-176.6744
-174.0494,-90.9012,-23.3231,103.0382,53.6365,65.7033,-161.9171,172.9739,174.3109
-174.8093,-92.5475,2.2962,-83.2516,-73.9127,64.0113,95.7186,-55.6115,173.7869
174.4747,-86.1056,178.8708,-177.4457,-66.8026,64.708,91.5835,-56.7207,78.0509
-179.1286,-91.8499,-0.1141,-82.7128,-62.4581,167.0761,88.6039,71.2876,-81.3079
174.7488,92.3018,-1.2942,-178.1919,177.8698,61.6361,108.8105,168.8113,-49.6479
173.9558,92.4718,2.9659,-83.6786,-73.8682,63.582,95.3172,-56.033,173.4874
178.9191,90.6073,36.3429,-118.5245,175.0952,-62.2874,-175.249,164.6796,-52.9556
-175.0235,87.2946,-160.6658,-99.9611,-158.7578,65.1346,-172.2278,-57.0431,-168.3768
174.2288,87.2961,-178.7436,80.5417,-170.7414,-165.3303,-69.6569,-49.4808,-159.73
-173.7598,-90.7476,-23.2105,103.0372,53.392,65.5395,-165.2307,-57.2451,173.8377
-176.7572,86.8936,174.7234,89.1916,168.6135,64.1811,77.0765,-77.5053,-43.5329
173.4683,91.4068,31.8922,-113.3947,175.7372,-52.7694,-124.3936,-60.251,-54.1429
175.2907,91.7698,-22.1512,102.0801,52.4644,65.5198,-164.8827,-57.0967,171.9568
171.6327,-85.7622,-178.2248,-83.4424,-59.9762,-81.2856,134.5578,-70.6145,79.61
179.6002,-86.683,-175.5552,78.7547,-170.2581,-51.5964,-63.2547,174.3959,-169.3806
-172.0304,-92.9228,-0.7881,-178.9316,-63.9911,-166.1722,-89.3161,163.5777,155.5623
-176.657,-91.9463,-2.0739,86.3912,175.8241,-43.3679,-89.0083,-36.2334,-41.6766
173.8601,-90.9423,-0.2847,82.1361,-164.3605,67.6951,113.0525,-63.2506,-166.8569
177.4362,88.4503,-153.4336,-98.9563,-150.762,62.9782,-172.5014,-56.6106,72.2346
-173.9162,-92.8631,-1.3381,-178.0595,-56.3493,-48.1426,-73.2164,-43.8844,-175.8774
179.5047,-87.7128,152.6781,96.8386,34.9619,52.3039,159.53,-73.0351,-75.8152
175.7248,90.9156,26.2692,-105.4442,-156.2136,-53.7094,-78.5008,91.3553,-171.3447
171.0665,92.4513,3.6487,-84.7521,-68.2263,62.4992,94.4222,-55.7735,75.636
-172.72,-92.9126,3.6536,-84.7646,-68.0894,62.9319,94.6842,-55.3687,76.3604
174.5239,-86.052,175.9451,86.979,171.8387,149.1175,77.6364,-85.6643,-48.3399
174.0374,-85.8149,-179.7514,-179.4379,-56.902,-48.1928,-73.1504,-43.9503,-176.9324
-171.1149,86.2718,175.5086,87.0933,171.915,149.2605,77.7865,-85.6565,-46.7866
176.1998,-87.8359,-151.8342,-100.333,-151.9031,63.0315,-172.444,-56.8154,72.2305
174.3088,90.894,22.8361,-101.9389,-157.9428,66.1448,63.3039,140.6861,-170.2999
-176.6273,86.7742,176.5116,87.287,172.2261,158.3428,67.6698,-80.4749,-46.0149
-174.1008,86.4097,-158.9106,-104.4435,-175.7274,62.4009,-170.3999,-55.978,-62.443
-172.6534,-93.1175,0.7609,-82.5962,-61.9449,163.1673,81.8574,136.8969,78.9618
176.9012,92.429,-0.0079,-177.9501,-167.378,62.7042,66.37,-82.2792,-171.5248
-176.2254,87.6,154.9372,105.3062,70.0134,-57.9247,-163.0734,-62.5732,-176.2738
-173.79,-90.8288,-30.0833,97.8021,33.5978,51.1928,59.72,65.5281,-75.5697
177.31,91.772,29.4523,-109.3141,-178.4317,62.2342,-170.0226,-55.907,-60.7644
-177.3605,-92.5307,1.323,178.6069,-91.5206,51.6706,101.908,171.5148,72.7046
179.9176,-87.8895,157.1766,103.9739,68.9321,-58.3358,-162.567,-62.5034,-177.1487
177.8333,91.3332,4.8582,-85.6679,-67.4143,65.8319,93.1028,-55.8833,-67.7247
179.4275,-87.0033,-177.7309,-83.8557,-59.364,-49.0265,-126.5319,-59.9294,-61.735
-172.8376,-92.6659,0.8905,-83.6057,-62.6888,-161.9089,-105.4745,67.5338,157.3478
-175.3338,-91.5217,-24.1472,100.4208,36.6773,52.2786,74.9037,153.2438,171.8444
174.1587,-86.6571,155.0792,108.4853,60.4257,158.9981,70.888,-82.9591,67.5088
-177.5283,-87.523,-176.9131,80.6107,-173.6712,72.212,94.3159,173.4102,-168.1701
174.1468,-87.3906,158.4353,98.6963,35.3781,52.475,74.6557,153.0902,169.8578
177.6387,92.5151,2.6173,176.1661,46.8545,53.9898,71.2496,-78.8385,173.7841
174.1565,87.7342,-179.8752,82.0867,-173.8417,72.2582,94.3201,173.4003,-170.2058
-177.5509,-92.237,1.1816,176.6942,46.8208,53.9326,71.1932,-78.8257,173.5829
178.0172,-91.2087,4.0366,-85.5376,-67.7303,66.11,93.3754,-55.8533,-68.8699
-176.396,86.2082,-179.9246,-179.6343,-64.2125,157.462,66.1134,-78.9613,77.0233
172.3507,-90.9386,0.4407,81.9241,-162.1898,70.2452,-164.1379,173.3877,-169.9723
-179.672,-91.7303,4.0489,-85.3218,-64.4219,72.926,179.9671,164.6996,-70.975
-177.7564,-92.4311,3.0406,177.7925,76.6812,-47.9832,-72.1357,171.4105,-178.1891
173.4039,-85.7332,178.5006,-178.8922,-62.6905,80.1067,178.3701,-67.5933,-174.1935
172.6217,92.564,-20.6336,101.9732,52.6416,54.2422,72.1553,-78.2024,72.5167
-179.2806,-92.0916,-1.7871,-177.3948,-166.9671,-170.1603,162.37,-70.4213,156.325
-174.9128,-92.2003,-2.0975,86.4717,176.4175,-50.0684,-73.4202,-41.3103,-43.2518
170.1067,92.0096,-29.9486,103.5708,49.9853,-83.0574,-159.9954,172.0439,98.8842
-176.1941,-88.2432,152.8838,96.7455,33.0483,51.3096,59.4796,65.3395,-76.1455
-171.2126,86.404,-179.4728,178.1538,-65.7943,-48.3677,-89.1669,-34.6427,-177.7454
177.5531,92.5276,3.9284,177.9059,76.7864,-47.852,-72.0699,171.0837,-177.6217
177.824,87.6179,179.8079,-82.5538,-62.8265,-71.9874,122.3534,-65.0465,-63.9137
-176.093,86.6007,178.2059,-177.9148,178.2908,61.7704,109.2513,-63.3479,-49.2309
176.4093,-86.5758,178.3157,86.1804,176.7442,-50.2286,-73.5243,-41.2152,-44.7812
172.2614,92.79,1.4437,177.2408,-66.4567,-48.4315,-89.8167,-34.7423,-178.9029
-179.6609,-92.3811,-0.0964,-179.9602,55.1395,146.7168,80.3118,-87.3323,-64.6921
178.3578,92.4347,1.6663,179.0457,55.4444,146.5917,80.1733,-87.2805,-63.6161
-176.0226,-92.0229,-1.2425,-82.8732,-54.3256,-47.5246,-73.2793,-44.1074,-178.8051
-172.2408,86.2009,179.8697,177.6185,-68.5676,-48.3459,-88.957,-32.0434,-64.3116
-177.3591,-87.1626,-178.636,-83.9219,-53.8425,-47.533,-73.4639,-44.2045,-178.9388
177.2779,92.1844,3.3597,176.3198,58.0881,-63.5131,-80.7284,-39.9488,179.8933
-175.1727,87.2314,-153.0735,-109.0828,-178.6832,174.8086,176.3704,-60.0063,-68.237
-177.8016,-92.2916,-2.3028,-177.1628,-164.1866,-50.6942,-73.1106,-43.3211,-167.0781
-173.8155,85.8085,179.1547,-81.2624,-63.1498,157.5801,65.9675,-78.7379,75.428
-174.5145,-91.0625,-24.0777,100.512,36.5795,52.4289,72.2031,-77.967,171.0001
175.8208,-86.359,-177.3926,177.7381,-92.7876,50.1604,100.4635,-60.4727,73.0845
-177.8497,-92.5063,1.5698,178.3678,-93.304,49.8402,100.0315,-60.3559,72.5843
-176.4931,91.1431,6.3572,79.1919,176.0437,65.6224,79.1966,-76.4439,-171.9998
179.0384,-88.4381,154.741,123.0222,-72.315,-50.7065,-85.2676,-34.6637,-174.6032
-177.6522,91.2909,4.399,80.5633,-172.6858,72.1103,93.1886,-54.6452,-167.665
176.9745,91.2702,3.7221,-84.3589,-62.4449,73.6125,172.5425,-69.7075,-69.4584
175.971,-86.9347,-179.4517,-81.832,-62.5948,154.4094,81.4397,-88.39,-75.0616
175.1652,-87.59,157.8807,118.8005,-75.2824,-50.407,-84.466,-32.4102,-62.6323
-173.8814,87.7144,-159.5888,-103.4713,-163.7063,-53.9097,-124.0393,-62.5036,-166.9238
-175.2291,86.4283,-179.011,177.0394,65.5851,-178.5463,-76.8088,160.3983,50.9755
-174.7515,87.3311,-159.2831,-103.057,-155.0685,-43.2316,-92.9236,-42.201,-163.7362
-174.8784,-92.3511,-0.1299,-81.4611,-70.5551,-48.9903,-88.9086,-34.658,178.339
172.059,92.9419,1.0651,-83.3696,-59.5609,-79.2319,134.2945,163.4398,78.5209
171.4982,-86.1525,-179.1019,-81.9356,-61.4106,154.2184,78.9745,-87.4256,73.1552
-172.6366,-92.8358,-0.316,-82.3158,-59.3974,-79.2822,134.2892,163.4303,78.743
173.6248,-85.8213,-178.9942,-82.9886,-52.1221,-51.6718,-80.2324,-29.5244,68.7074
174.4438,92.3985,-1.1554,-178.1569,178.6332,63.9676,89.1882,71.5299,-49.8164
177.0769,92.0351,-1.1736,85.897,172.2469,-58.639,-178.0342,-68.3291,-41.615
-179.8459,-87.0894,-178.7356,-82.9357,-66.6094,-49.2538,-89.4146,-30.9635,-61.9339
-175.425,-92.3796,1.2864,177.4875,53.0718,-168.6582,-88.0346,163.6356,155.343
-174.8524,86.4665,178.1043,-177.738,178.8153,64.2018,89.3693,71.4885,-49.3054
171.2653,92.8015,1.4947,-83.9178,-59.1795,-74.2005,-152.9439,172.5561,90.4231
177.4292,-86.4246,-177.6722,176.4153,65.5019,-178.4552,-76.6807,160.5318,50.4252
170.7599,91.6488,-27.9869,101.3229,45.0959,-170.7547,164.349,162.0524,153.8159
-173.2518,86.0011,-178.3132,-83.9936,-64.2565,-166.4374,-89.281,163.6542,155.2636
171.1428,93.0535,1.5478,-83.9575,-58.6647,-72.9751,-153.3331,78.3565,89.282
-173.2212,-92.7923,1.1088,-83.6715,-64.6908,-169.947,166.5386,161.76,155.4776
-173.3447,85.7855,-177.7486,176.1394,53.684,-84.1715,-161.6951,-57.035,98.7439
172.2916,92.69,2.8222,-85.1901,-63.3922,-162.0211,-105.6806,67.742,157.4313
173.6483,-85.7716,-176.1916,-85.4676,-64.3385,-166.2809,-89.1381,163.7665,155.0021
172.9356,-85.5537,-179.2162,-179.5629,-60.7468,-73.9188,-153.9779,-56.2199,90.7107
172.6774,-86.3818,178.8165,-176.0965,176.0149,-58.185,178.4306,63.9211,-45.6022
-171.8414,-93.2718,-2.0216,-176.8327,-59.5056,-75.1621,109.277,71.9567,85.8324
177.46,91.8702,-1.2985,85.9397,172.2579,-57.7742,177.881,63.7965,-41.9833
-172.6285,-92.8134,1.5523,176.6527,66.6766,175.9334,172.4331,-61.4356,50.8475
171.2868,-87.3002,153.3251,101.1555,45.0495,-169.4536,159.381,62.72,153.7667
172.7158,-85.7874,179.745,-178.5778,-59.8173,-75.1606,109.2628,72.009,85.8598
172.2033,-85.805,-179.8588,-179.8783,-63.499,-160.2789,-103.3011,-65.4091,155.1297
-175.632,-92.4632,-1.0006,-179.5594,-65.3127,177.4148,174.0478,72.6623,-81.0674
-176.0532,86.4612,177.3262,86.2766,171.795,-57.8582,178.0722,63.8652,-40.406
178.5936,92.2556,0.5718,179.402,-65.348,177.3601,174.2125,72.8313,-81.1254
174.5771,-86.0708,-177.5407,175.786,66.5269,175.9802,172.4962,-61.4084,50.3733
-172.2423,85.6937,178.8621,-177.6797,-60.6752,-74.0706,-153.6249,-56.3402,90.7232
-172.2206,85.6093,179.0777,-179.0707,-63.2016,-160.6194,-103.5723,-65.4899,155.6815
171.8158,92.9453,3.1953,175.8771,53.3214,-84.2225,-161.6346,-57.111,98.6303
174.7395,92.6816,1.9968,177.4656,52.9308,-168.8788,-88.0319,163.6916,155.5537
-171.7452,85.6397,179.2458,-178.9077,-64.2104,-169.6537,166.3214,161.6851,155.8463
-174.3657,86.0839,177.9718,-175.4499,176.4163,-57.9219,178.4359,63.9754,-45.312
-175.0602,87.0055,-153.1478,-109.0981,-178.3491,175.8432,170.6302,71.8638,-68.2918
-171.7933,-92.2418,-3.7963,87.1488,174.7523,176.1554,179.8416,170.605,-50.9304
-174.2233,87.3428,-152.8669,-112.7632,175.8981,-61.0805,174.9755,63.1805,-54.908
173.6109,92.7635,-1.1569,-176.9996,178.2079,177.2247,170.2768,71.8046,-55.5194
171.7801,-87.5146,-157.5846,-99.5027,-160.5589,-170.4546,164.7001,161.7715,155.1753
176.2288,92.5565,-3.0874,86.7117,174.8607,176.0599,179.5604,170.4922,-52.7738
179.3018,-86.5013,179.6745,-177.5135,-167.0016,-167.4218,-88.3212,163.4444,155.3102
-176.9353,91.2999,-1.4605,-176.8364,-170.7173,-78.5495,105.3281,71.4017,86.5646
-175.2783,-92.6345,-2.1066,-176.5449,178.4268,177.2406,170.2268,71.8295,-55.0022
-174.9395,-92.5148,1.12,177.7907,53.6617,-163.5216,-104.0444,67.78,156.7855
177.5622,-87.4891,-148.4625,-116.4107,174.5457,-60.9863,175.0003,63.1731,-53.3742
-175.969,86.08,-179.0149,177.3911,52.9333,-171.5604,162.2027,-70.1349,156.5321
173.5769,92.7883,1.8411,177.58,53.4699,-163.6585,-104.146,67.9286,156.9851
-173.3644,86.0897,-178.6413,-83.6267,-64.2777,-168.4376,161.1717,62.3936,155.3331
172.1994,-87.6055,-157.9713,-99.0696,-160.2435,-169.083,159.8093,62.4474,154.8607
174.1831,92.328,2.12,178.2952,69.6579,64.2732,-173.8318,76.328,47.1219
179.427,-91.9369,-1.8343,-177.3813,-167.2746,-167.4688,-88.3238,163.4461,155.2788
173.4044,-86.5419,152.8379,109.4929,63.236,175.3776,166.6965,70.9434,61.4535
176.1054,92.0283,-0.4163,85.7632,-176.1895,70.2675,-171.4015,76.9219,-50.0181
-173.7644,-92.4355,1.5459,178.6502,69.9016,64.239,-173.3864,76.0755,47.648
-177.6371,86.9914,146.0464,114.6782,65.5537,176.3887,166.8102,71.0428,59.4077
173.1964,92.3414,-1.664,-175.8139,178.5602,-49.9918,-86.7604,165.7929,-46.2147
-173.4459,-91.8778,22.151,-98.2473,-158.6939,-170.5416,164.7397,161.7795,155.4653
-174.4972,-92.562,-2.3368,-175.2945,178.9761,-49.5733,-86.3429,165.9952,-45.9248
175.5226,92.5364,2.1291,177.1291,52.808,-171.6702,162.2708,-70.1761,156.6178
-180.0127,87.1971,177.9799,86.5464,-177.2298,70.1444,-171.1997,76.9634,-48.3309
-172.2849,-92.7046,0.872,178.305,-66.943,-61.5101,-171.3099,166.5102,-169.7375
174.3667,-85.9496,-176.4362,-85.1421,-64.8851,-169.8212,166.5088,161.8884,155.2957
175.5875,-86.7145,178.7435,85.7056,-175.8254,70.2767,-163.476,173.8779,-50.2963
173.5542,-86.2304,-177.9687,178.245,69.4935,63.8709,-164.5262,173.3236,47.1884
-172.905,-91.8101,21.9873,-97.9833,-158.4457,-169.1742,159.8267,62.4178,155.1339
174.0085,-86.225,179.0455,-177.9163,177.9347,62.4873,-171.0945,-55.9658,-49.0762
173.0557,92.6452,1.3351,177.9503,-67.5751,-61.4556,-171.685,166.6977,-170.4835
179.6624,-91.4089,-1.86,86.2958,-176.3546,70.2774,-163.1556,173.8084,-48.8236
179.1703,-86.5164,179.5626,-177.3842,-166.7918,-170.0228,162.2069,-70.4006,156.3086
-173.8886,86.236,-178.5863,178.6419,69.7354,63.9123,-163.9656,173.306,47.6852
-170.8182,-90.759,-28.7273,102.3887,46.9083,-167.0963,-87.7175,163.8349,152.7137
-173.8411,85.9868,178.164,-177.33,178.325,62.8517,-171.0754,-55.9629,-48.6365
-176.8714,91.3131,-1.5355,-176.8777,-171.6551,-75.8578,-154.4344,172.3821,89.4279
177.1084,-86.3701,-179.2675,-179.5664,-61.2065,175.5072,168.6432,70.7317,67.3474
-177.4416,-87.1665,178.7087,-176.9795,-171.7332,-75.0345,-156.1526,78.0887,88.9641
-173.8748,-92.3974,0.3257,177.7277,-70.0802,-61.9556,-176.5024,165.1067,-63.7309
177.3124,-86.6157,178.6034,101.8063,-71.0702,-170.6949,164.3309,-70.5779,158.3861
-174.1798,85.7759,179.5339,-179.8629,-62.7591,-172.9433,-61.3045,172.5595,-167.5998
175.2917,92.448,-1.2819,-177.1017,-166.167,-58.7569,-170.0253,166.0934,-164.1335
174.1755,-85.9956,-179.3706,179.6831,-63.4196,-173.1996,-60.6209,172.9408,-170.861
-172.4042,-92.9143,1.7431,176.8618,62.5438,55.7649,154.1463,61.4956,53.2302
-172.0696,-92.99,1.657,176.6826,61.7468,54.7323,158.8022,160.2549,54.1498
-173.6376,-92.6632,3.0191,175.7735,54.0626,-83.3622,-164.4432,76.8561,98.7597
170.2647,91.669,-28.1825,101.1678,45.2596,-167.0189,-87.9986,163.798,152.4426
177.4024,-91.3443,-3.07,-176.6889,-172.1409,-75.9073,-154.5532,172.4215,89.2744
-176.5053,-92.0115,-1.5349,-177.5565,177.0177,62.539,153.2738,61.6191,-49.5178
175.9744,-86.2325,-179.034,177.0777,-70.4826,-62.0125,-177.0664,165.0736,-63.5854
175.8179,-86.516,179.5026,-177.9321,176.7729,62.4851,153.54,61.5454,-50.0248
-177.841,-92.1971,-0.7651,-178.684,-61.0673,175.6379,168.5656,70.7944,67.172
174.0429,-85.7075,-176.2686,-85.3079,-64.5859,-168.337,160.9719,62.3905,155.2009
177.2613,87.2478,177.2091,-176.8292,-172.1027,-74.9833,-156.2548,78.0648,88.7462
-175.2547,86.119,178.0169,-176.6201,-165.9901,-58.6639,-170.0042,166.0499,-164.191
-175.0602,-92.6403,1.6767,177.4399,86.0863,-59.9105,-172.1548,164.8472,28.4707
-174.5724,-92.3519,1.33,176.8327,66.0623,-174.3724,-96.9274,60.6275,52.3412
172.3663,92.8275,2.7848,175.8283,62.2507,55.7454,154.2305,61.4708,52.7671
173.5663,92.452,-29.2123,109.345,62.9757,173.7008,175.9533,169.5705,61.4078
-168.8084,87.1231,150.5299,104.5083,51.0839,-82.4552,-161.9045,-56.9988,98.6353
171.4613,-85.7792,-179.8755,-179.7723,-64.4297,-168.6392,162.6944,-70.6612,155.7853
-177.5129,86.6818,178.5023,-177.6635,176.9136,62.12,156.7491,160.1858,-49.5708
176.642,-86.8487,178.3934,86.2394,-179.7249,69.8793,94.0484,70.782,-48.9353
172.4552,92.8607,2.8775,175.56,61.5749,54.8047,158.8201,160.3642,53.5772
175.5894,92.2817,-0.9372,-177.7394,176.6287,62.4016,157.7403,160.1815,-50.0563
175.8968,-86.3473,-177.9281,177.8375,86.0212,-59.7494,-171.34,165.041,27.5638
173.6651,87.6535,-178.5308,80.8971,-172.0273,-170.1747,165.5513,161.9389,155.9579
-176.3794,-91.677,-36.1074,114.5105,65.2518,174.6513,176.0546,169.6027,59.4142
177.3456,92.2682,2.1987,176.5009,65.942,-174.0957,-96.8974,60.8025,51.7591
-176.7197,90.8448,4.4666,80.2704,-171.1816,-170.3611,165.8071,161.947,156.4122
-176.689,86.9417,177.086,86.869,179.9135,69.9582,94.4072,70.8306,-47.5019
-171.943,-92.7211,0.7443,178.3124,-66.6954,-59.8388,178.2117,64.8047,-169.3483
-171.2924,-93.0757,-0.7274,-178.9127,-63.8734,-168.7384,162.9166,-70.6402,155.948
173.1168,-90.6265,2.5651,80.7548,-171.8883,-168.7818,160.1917,62.3822,155.7579
169.381,-86.9212,151.7633,103.5505,50.0407,-82.9589,-161.1838,-56.9006,98.8705
-176.2647,-91.7979,-1.4514,85.8357,171.7547,-58.7283,-178.313,-68.5112,-39.9934
173.6741,-86.0803,179.2156,-177.1676,176.8471,-174.693,-92.97,63.2023,-53.5441
-173.3903,-92.7427,1.6314,176.4219,66.7084,176.9747,167.5065,71.1469,50.89
-171.824,85.654,-179.5071,-82.7377,-58.5052,-73.8103,-153.0163,-56.3194,89.9034
172.8832,92.7643,1.3532,177.7407,-67.2775,-59.7955,177.6786,64.725,-170.0905
-175.9801,-87.9462,-176.4933,80.2465,-170.9165,-168.9576,160.3856,62.3353,156.2062
-174.2581,-92.5036,-1.7583,-176.6557,177.3358,-174.2882,-92.5392,63.2753,-53.1112
177.8995,-87.0471,179.29,101.9145,-72.0535,-168.4685,-88.9843,163.3987,158.6205
-171.0622,-90.9889,-28.969,102.4511,47.3736,-161.4628,-102.9746,67.5496,153.2471
-172.043,-92.3738,-3.8836,87.1459,175.0983,176.7933,175.939,-60.2205,-51.3481
172.7664,92.7799,0.4039,-179.4056,-60.932,-74.1242,-153.5906,172.7157,91.0888
172.0016,-87.6384,-157.9956,-98.7147,-160.2202,-166.9573,-88.4424,163.312,153.84
-174.7395,86.4124,176.5352,87.1909,173.9147,-175.3237,-70.2762,164.3382,-48.5937
-173.5269,-92.7216,4.4153,174.3928,59.9261,-93.3787,112.9426,70.7757,95.1901
175.1423,-86.1992,176.4447,86.9081,175.2156,176.8232,175.5787,-60.181,-53.2365
-173.091,-92.7364,1.099,-83.8069,-62.4021,-160.6459,-103.2285,-65.3596,155.1358
171.6398,-85.8108,-178.0535,-83.6727,-57.248,-74.0337,110.6111,71.9774,83.9601
172.3542,-85.7963,-179.8023,-179.5699,-64.2999,-168.0826,160.8377,62.3533,155.5318
172.9044,92.9488,0.3228,-179.2313,-60.736,-73.0388,-154.274,78.3923,90.1773
172.3749,92.7176,4.93,174.2601,59.5559,-93.4727,113.036,70.7236,95.0686
-173.804,-92.3487,0.1546,177.7562,-69.913,-60.2957,173.5354,63.652,-64.2573
171.6937,92.7167,3.0296,-85.3557,-62.957,-160.701,-103.5024,-65.3395,155.2176
174.2454,92.7388,2.5069,175.8822,66.4607,177.021,167.4065,71.2196,50.4904
171.3678,-85.7869,-177.9523,-83.8263,-58.6766,-73.8541,-153.1885,-56.2866,89.8712
-174.4506,-91.4731,30.0517,-113.2282,176.0965,-61.7452,178.6099,-69.3321,-54.6794
170.7702,-87.4414,153.4053,100.8967,45.698,-161.0291,-102.942,67.5446,152.535
177.175,-86.4277,-179.2755,-179.6057,-61.3205,174.0084,178.3469,169.6213,67.2503
172.3641,-86.2483,-177.7127,178.1527,68.9768,64.1126,90.9592,72.1479,47.359
175.3945,92.58,-1.0744,-177.1344,-165.3623,-56.7496,-179.3586,64.6143,-163.4933
-173.3019,86.1879,-178.5203,178.7369,69.2273,64.2037,91.409,72.1373,47.8325
179.5669,-87.8765,-147.6897,-117.1913,174.7284,-61.5958,178.5198,-69.2213,-53.1458
-179.0631,-90.6972,-26.1301,115.9577,-70.9087,-63.0391,-162.2342,168.7507,-168.4357
-177.6726,-92.4362,-0.7389,-178.8556,-61.1958,174.0946,178.3594,169.5923,67.0886
-177.0408,-92.4146,-0.6465,-179.2184,-62.2946,178.9188,-81.2898,159.7637,68.827
175.1439,92.8061,1.166,177.0848,-70.1618,-60.3146,172.9148,63.5506,-64.1144
172.0773,-85.8721,-176.8384,175.8119,53.5776,-83.4521,-164.6432,76.5795,98.7727
174.7712,91.3758,-22.5841,112.8865,-72.0542,-63.051,-162.0892,168.7154,-168.8488
-171.7956,85.7494,-179.5028,-82.5524,-56.9289,-73.9312,110.5599,71.972,84.0592
173.5153,92.8218,-1.6552,-178.6491,-64.0208,79.0214,-175.2386,165.9981,-175.0847
172.0622,90.3903,22.1368,-98.2541,-159.8913,-162.3144,-104.2575,67.5849,155.4049
172.4843,93.0632,0.262,-179.9079,-63.5122,-161.383,-105.4467,67.7691,157.2165
-175.4269,-92.6449,0.985,177.827,53.9182,-161.6081,-101.2202,-65.7645,153.5726
-173.8323,87.1606,-159.2734,-97.332,-158.3881,-167.0213,-88.2748,163.459,154.0544
-172.202,-92.9387,-2.4293,-178.199,-63.1311,79.5119,-175.1172,166.2769,-174.0014
-175.3793,86.2595,179.0252,179.9026,-67.1257,179.9752,-74.4949,162.8348,-76.1971
173.8468,-85.8757,179.7513,-178.4304,-62.1886,-65.6359,101.0085,77.7957,-175.6733
174.5875,-86.1769,179.1348,-176.6735,178.1468,-66.0147,95.0318,77.1582,-47.2582
-175.957,-92.447,-0.9737,-179.4752,-65.3131,176.4727,-179.5039,-58.8705,-81.4709
177.337,-86.2265,-179.4808,179.5017,-65.4248,176.3526,-179.3753,-58.8109,-81.5049
-173.3909,-93.0584,-1.0768,-177.8137,-60.7217,-74.2658,-153.6018,172.6187,91.2237
-176.3703,-92.3796,-2.4238,-175.7977,178.2897,-65.857,94.9491,77.2124,-46.8104
173.1002,-87.173,159.9347,112.4312,-73.5545,-62.4568,-164.3831,168.2623,-60.3968
-174.0369,-92.9056,-1.7848,-177.5085,-61.8417,-65.835,100.8382,77.7566,-174.8675
-174.0256,-92.1848,28.4323,-108.5868,-179.3052,-179.7735,-72.5666,163.0858,-65.8438
172.4922,90.3504,22.7859,-99.141,-160.2353,-169.6044,161.4322,-70.3334,155.1707
174.489,-86.4015,178.8229,-176.5478,176.3276,162.307,81.2363,68.2774,-52.7891
-173.9823,-92.593,2.6383,176.0086,53.7484,-84.2918,-160.2843,172.0138,98.702
176.2907,-86.0987,-179.4787,179.1363,-67.2951,179.7849,-74.4199,162.9051,-76.1417
-177.5543,86.5462,177.8473,-176.2037,176.5389,162.3143,81.1798,68.2275,-52.2843
173.9768,-85.9796,-178.2322,177.5603,53.7824,-161.7854,-101.2396,-65.6568,153.7536
-173.0083,-92.7758,1.4164,176.3724,65.838,165.565,84.4855,69.8257,53.27
177.9447,91.4099,0.467,-82.9354,-61.6313,176.8109,173.8952,72.6732,-80.081
175.8556,-86.0535,-175.9662,174.3322,69.0536,-70.3748,-88.1267,159.3123,54.9494
172.3629,92.4418,0.8108,-82.8023,-60.7862,174.8148,168.7819,70.9086,65.7092
179.1107,-86.6299,179.7299,-177.8392,-166.9474,-161.8728,-102.4897,-65.732,155.1133
-173.9809,-92.594,3.6018,174.3113,69.0985,-70.3797,-88.0069,159.3811,55.9246
179.8334,-91.0369,-34.1959,113.0357,63.4218,-179.8786,-77.2587,160.3325,60.612
174.7024,92.703,2.4703,175.7707,65.6636,165.5267,84.3426,69.7882,52.7735
175.778,-87.021,154.2591,108.3322,61.4273,179.2707,-77.0743,160.4833,62.2468
-174.7915,-92.5701,1.4167,176.7168,67.0689,178.2389,88.2718,78.6964,53.4367
173.7771,92.7931,-1.7767,-178.6988,-62.2344,79.9733,174.3322,64.4386,-173.9388
-172.1028,85.4757,178.7982,-177.6272,-60.4993,-73.1536,-154.4699,78.2535,90.332
176.0011,-86.339,-177.6854,176.35,66.9294,178.0372,88.1164,78.6349,52.8973
-173.1998,86.4548,175.2451,86.4473,-179.9089,63.7608,149.399,61.8659,-48.7188
173.4647,-90.9217,2.4796,80.7215,-172.2673,-166.8998,-88.6663,163.3763,155.2778
174.066,92.5971,-1.5816,-176.2925,176.461,163.8076,62.4296,63.2483,-50.691
173.6892,92.4669,2.368,178.0392,69.6032,64.23,-168.0652,-55.9713,47.1669
-172.4711,85.8198,179.2049,-179.1557,-63.2836,-161.6572,-105.5839,67.6974,157.6439
173.6292,-88.0474,-150.5163,-103.405,-160.6663,-77.6666,-156.1274,172.3569,92.7023
174.7441,92.5222,-3.6456,85.9945,-179.6233,63.429,148.885,61.9379,-50.3142
173.5028,-88.0414,-150.5843,-103.4034,-160.5122,-76.7645,-158.8006,77.6304,92.5215
-176.5334,-92.1302,-0.4631,-82.8812,-64.9721,-174.605,-59.8159,173.3214,-178.482
-173.6191,-92.948,0.5147,-82.7737,-60.6784,175.1615,169.0515,70.9196,66.085
-171.8741,85.9159,177.3204,-178.1598,-61.4602,80.3634,174.2453,64.517,-172.9148
-175.3388,86.8991,176.8615,86.6001,-178.6521,67.4471,113.3133,168.3177,-48.3609
-174.3504,-92.7537,-2.5836,-175.7306,176.6899,163.8,62.5382,63.3399,-50.2286
-174.3819,86.2884,-178.4665,178.5392,69.8332,64.2944,-167.6256,-56.0162,47.6574
178.9408,-91.5299,-0.5352,-82.8544,-61.753,177.2576,174.2847,72.6576,-81.4867
-176.3865,-88.0075,-176.6854,80.3245,-171.4,-166.9674,-88.5921,163.3891,155.6636
176.2468,-86.7851,179.0346,85.659,-175.9938,70.4608,-166.1025,-54.8838,-50.148
172.7736,-86.4175,153.3857,109.0165,62.8921,174.3433,171.4873,-61.957,61.6663
176.6076,-86.8121,178.0468,86.0191,-178.3814,67.3779,112.8236,168.4862,-49.7654
-172.6818,-91.6975,22.0615,-97.9463,-158.3333,-169.5957,161.3498,-70.315,155.3796
-176.167,86.9033,146.5505,114.2696,65.2531,175.268,171.6174,-61.9779,59.6919
178.3589,-91.1099,-19.4364,110.1636,-74.3548,-61.2957,-178.9114,62.5737,-60.8704
176.1089,87.7524,160.0177,110.9485,-73.1265,-61.9314,-174.7823,63.8095,-167.5826
-175.7155,86.464,179.5114,-81.3804,-70.4852,-61.8288,-171.3369,166.7013,-173.188
175.4788,-86.2698,178.7863,-176.1742,177.6939,169.9983,-174.978,165.6993,-50.6798
-178.9305,-86.729,-177.7866,-84.1434,-64.903,-174.5669,-59.6726,173.2228,-178.6389
-179.9849,-91.3567,-1.7574,86.3764,-176.6923,70.3561,-165.8087,-54.9948,-48.6122
175.7777,91.2904,-17.9422,108.5526,-73.7739,-61.8389,-175.1086,63.7968,-167.8583
175.1936,-86.3617,179.0749,-176.9029,177.6384,175.4143,179.8616,170.6052,-55.1305
174.9741,92.4594,-0.5982,-177.0786,178.1166,65.2805,60.5551,64.51,-51.5673
-172.2283,-92.4422,0.8327,178.2098,-66.7866,-60.5429,-177.7309,-66.4223,-169.3825
179.1901,86.7599,178.3925,-177.6387,-167.2375,-161.8131,-102.6465,-65.7108,155.0783
173.2695,-86.0112,-179.0222,179.595,-64.3161,-179.5928,91.9118,79.0712,178.8112
174.6062,87.5605,-178.2784,80.6746,-172.1442,-162.488,-105.1904,68.047,157.5335
173.8737,-87.16,164.7047,107.8622,-74.8608,-61.2556,-179.1715,62.5892,-61.6122
-174.9465,-92.7563,-0.0835,-179.6767,-63.9427,-179.8551,91.5756,79.1568,179.8219
-176.5208,-92.3791,-1.6407,-176.7794,178.1832,64.9957,60.0842,64.1682,-51.0648
-175.2562,-92.4423,1.2566,177.0316,66.3481,-173.3171,-95.6034,-72.2702,51.8836
-172.1926,-88.8468,-159.4337,-115.351,71.0785,61.7551,82.8253,69.8577,47.3052
-176.2678,90.8861,4.376,80.1995,-171.2552,-162.788,-105.049,68.016,158.0744
-175.0407,86.3092,-179.789,-82.6656,-62.342,178.356,-81.093,159.8405,67.8796
-176.5774,91.339,-1.559,-176.8889,-171.7003,-75.8441,-154.7606,-56.7492,89.146
177.2851,92.2288,1.9871,176.8056,66.1052,-173.3276,-95.5501,-72.2923,51.4721
172.7457,92.6944,1.2199,178.0616,-67.4429,-60.5446,-178.0647,-66.4834,-170.0943
-171.9109,85.7217,179.2932,-179.0634,-63.8569,-168.1111,160.9165,62.3697,155.6463
-176.4954,86.3036,177.9318,-176.4356,177.8269,175.3999,179.7791,170.6105,-54.5641
-173.1304,-92.5552,1.9356,178.3374,67.9191,60.9112,110.1972,169.001,48.256
-176.5892,91.6833,0.7886,-82.4706,-70.0807,-61.8264,-171.2482,166.8092,-173.3798
172.6755,-86.1192,-177.4407,177.6732,67.6723,60.7735,109.8294,169.0349,47.7305
177.5858,-87.6511,-156.9004,-105.293,-161.7881,-59.4483,-171.2682,165.8643,-163.3888
-179.5888,87.8181,-151.7867,-102.0587,-158.9243,-77.4827,-156.0265,172.3443,92.4678
175.8263,-86.1132,-177.798,-83.8247,-62.2643,178.4282,-81.0536,159.9294,67.2831
173.3189,-86.0267,179.3374,-177.1829,177.1669,-172.9091,-90.2979,-70.5294,-53.3383
177.5657,-86.4567,-179.2919,-179.4903,-61.2235,174.5582,174.4441,-61.725,67.2952
-179.2003,87.7478,-151.814,-102.1163,-158.8004,-76.516,-158.6586,77.6802,92.2149
-173.0736,-92.8483,1.7763,176.8,62.45,55.4514,153.3636,-72.5359,53.4032
175.0218,-86.0373,179.0776,-177.0655,-165.5395,-57.6673,-175.6223,-66.968,-163.6847
-174.3256,-92.2365,0.3129,177.4874,-70.0084,-60.9147,177.1688,-68.4797,-63.8708
-174.5911,86.4087,-179.2217,176.7622,61.9495,57.9093,57.9584,64.3821,55.9787
-175.2776,85.9791,178.1608,-176.5413,177.3605,-172.6098,-89.963,-70.4248,-52.7323
176.3678,87.62,177.0654,-176.6529,-172.2391,-75.8224,-154.7616,-56.7352,88.8827
-178.6777,87.8578,-162.4204,-113.3015,71.1869,61.9938,83.2965,70.1031,47.878
177.1548,-86.2486,-177.7764,175.8875,61.8642,58.1446,58.2251,64.5395,55.3045
173.4555,92.8229,2.9194,175.7823,62.2477,55.4052,153.4195,-72.5031,52.8315
-176.9971,-92.2532,-1.7546,-177.6785,177.1155,61.8679,150.0086,-72.1224,-49.4069
176.1752,-91.2366,4.1287,79.4764,-177.9447,-74.5581,-153.5822,172.4499,87.2436
175.6019,-86.5646,179.4594,-177.9477,176.9637,61.972,150.4027,-72.1835,-49.9398
-178.3779,-92.3904,-0.8173,-178.807,-61.1691,174.6981,174.3187,-61.7085,67.1393
175.9418,-90.8868,4.244,79.4536,-177.9665,-73.5878,-154.6441,78.2868,86.4363
-173.0115,85.8502,-178.8056,-82.902,-60.6214,173.5915,178.8666,169.7455,65.9841
178.0057,92.3855,-1.8424,-178.952,-65.827,77.803,-176.4826,165.8577,-71.464
-179.5677,87.2637,-179.6279,-82.8881,-61.7239,175.666,-175.8945,171.4523,-81.5128
-176.4881,-92.3677,1.2629,177.3625,52.7101,-172.4387,165.697,162.2079,156.347
-176.4442,-92.3509,-2.3332,-175.9739,177.9808,168.151,168.1291,62.6582,-51.3904
-173.8376,87.2152,-159.5415,-97.0094,-158.2725,-162.48,-104.2268,67.5849,155.7821
-175.8349,90.7801,4.3887,80.2979,-170.8108,-169.5016,162.3098,-70.1834,156.4676
-176.7404,-91.8551,-0.9456,-81.4362,-70.3887,-60.2745,178.3798,64.9572,-172.9902
174.9005,92.6283,-1.849,-176.6423,179.8816,-51.403,-62.1251,177.289,-48.7275
175.6843,92.6516,1.0914,177.2686,-70.342,-61.0665,176.633,-68.7251,-63.7869
175.8641,-86.4939,179.0193,-176.4798,177.7823,168.0395,168.1364,62.56,-51.9441
-175.8934,-92.4635,-3.0543,-175.9261,179.9919,-51.3677,-62.2049,177.2749,-48.2396
-177.5778,-87.5573,-175.6345,79.4592,-176.8805,-74.2753,-153.8014,172.4409,87.2584
-173.2093,87.4076,-150.9917,-113.6218,179.0219,-54.3815,-91.0923,165.2751,-55.9077
178.6522,91.8059,-0.7876,85.7439,174.5211,-49.8497,-87.6054,165.556,-42.4038
-176.7675,91.0425,5.5028,79.3715,-177.0369,-73.4474,-154.8751,78.2263,86.5538
171.719,-86.0715,-177.1764,176.1338,53.3114,-84.3252,-160.4524,171.9564,98.6336
-174.9092,86.0058,178.0532,-176.6619,-165.362,-57.5761,-175.5249,-67.0773,-163.7162
177.8214,-87.7237,-146.305,-117.4545,177.7697,-54.3847,-91.2757,165.2533,-54.4116
175.0126,-86.5732,178.879,-178.2194,177.9139,61.4535,109.018,-63.4205,-49.6917
176.3637,92.4702,-0.6728,-178.6195,-166.1893,64.2286,179.7506,74.0134,-170.9037
-174.3391,-92.5639,-3.1181,-178.2347,-65.5946,77.9775,-176.1345,166.1659,-71.5937
177.2486,-86.4617,178.1248,86.508,173.7626,-172.5967,-92.5834,63.3855,-50.9227
-174.2358,-92.2911,-2.8341,87.2098,173.5119,-172.3538,-92.2537,63.6375,-49.0505
-177.913,91.1056,0.4926,-82.6823,-67.5507,-62.2981,-176.6856,165.1735,-61.1371
179.2116,-87.0551,-175.8267,78.8885,-170.912,-58.7141,-169.9799,166.0424,-163.656
171.4251,91.7907,-27.9332,100.7385,45.7734,-159.2318,-100.1922,-66.1053,149.3924
-178.0649,91.8888,0.892,-82.5831,-70.3394,-60.3131,178.4676,65.0196,-173.3359
-174.9484,86.0281,-178.4638,177.0568,48.4819,54.2215,163.2935,159.8334,-179.7734
176.5749,92.5273,1.7559,178.1541,54.2646,-174.792,-56.3722,172.9237,-180.0311
177.1734,-87.5649,-156.8823,-105.2553,-161.359,-57.5632,179.2108,64.2783,-162.6573
177.7265,92.4352,-2.0262,-178.8332,-64.6106,78.4814,173.1231,64.3701,-71.2911
174.4911,-86.6471,154.3109,108.0808,61.6458,-176.9431,-97.9782,60.6766,63.6693
-177.3001,-92.3057,0.6858,178.2694,54.2332,-174.7859,-56.3642,173.0538,179.5179
175.895,92.3102,-1.5126,-176.4368,175.4964,158.1155,80.7989,138.293,-52.081
-173.838,-92.4327,-3.189,-178.1086,-64.3054,78.7348,173.2736,64.5114,-71.4369
176.1199,92.2071,2.7723,-83.7632,-69.1531,72.3602,-175.6012,165.851,178.6528
-178.0099,86.7173,177.7801,-176.2651,175.6036,157.8034,80.4934,138.534,-51.5648
175.8191,-86.1967,179.4303,-178.9164,-166.1089,64.5593,-169.0008,172.5312,-170.2612
-173.3077,85.7838,178.621,-178.6496,-64.399,75.8338,76.183,79.3633,-179.2325
-175.0402,86.0175,-178.5373,177.3284,49.2313,55.3997,158.2448,61.1383,-179.3827
172.8975,-85.9617,179.2893,-178.7355,-65.0676,75.6105,75.8005,79.1596,179.7211
-175.83,-92.5328,1.1892,177.5387,52.9315,-170.9781,160.2985,62.6367,156.2529
171.8821,-86.0108,-177.3882,176.1453,48.062,54.0724,163.4795,159.9312,-179.6104
-170.6764,87.0555,151.7039,102.3735,47.5615,-159.6937,-100.1061,-65.953,150.0499
171.7622,92.6529,2.6345,176.593,48.8085,55.1555,158.3096,61.0131,-179.2241
173.008,-86.2696,178.8766,-175.764,-179.8786,-41.3168,-101.1511,85.8225,-45.7374
-174.1766,-92.5174,3.9184,173.9888,71.3428,-63.0737,-107.8539,71.2009,59.4081
173.4482,-85.941,-179.8745,-179.0708,-57.3251,-48.8911,-62.3866,172.2429,178.9469
-175.0462,-92.8412,-1.4973,-177.9192,-56.7769,-48.8871,-62.494,172.4022,-179.7238
179.1017,88.2241,155.9577,116.1348,-70.4978,-62.2843,-165.7964,-60.024,-168.8017
-171.6565,85.9747,177.7836,-178.471,-61.5862,80.6373,178.1275,-67.5582,-173.0261
178.0967,87.6996,179.5797,-82.8766,-63.8162,179.7718,-74.5637,162.893,-76.4213
-175.8248,86.3957,178.0289,-175.3198,-179.6355,-41.1015,-101.0176,85.7288,-45.3429
175.8815,-86.2994,-176.4672,-84.1642,-66.0192,73.8636,173.5021,64.3469,-179.8366
171.5087,93.1127,-14.8369,97.0767,49.9594,50.8441,162.581,160.4172,72.9416
-174.6661,-87.9968,-177.842,-83.9908,-63.395,179.8262,-74.3002,163.0057,-75.3695
-173.601,86.1355,-178.5795,176.2995,66.592,175.1959,176.7458,169.8819,50.5923
-170.7678,86.8376,150.9951,103.1734,54.3929,-95.6776,109.1399,71.8039,100.6664
176.8152,-88.0195,158.8834,113.7046,-71.3419,-62.2646,-165.6544,-59.5867,-169.1867
178.6159,87.4047,179.1852,-81.8969,-67.5416,-60.667,173.0857,63.5337,-63.1041
-176.7923,-90.6835,-24.548,115.9815,-72.0449,-61.4478,-168.0001,-60.1647,-59.8879
174.0729,-91.3527,2.4404,80.2032,-171.2479,-58.6707,-170.0939,165.9171,-165.4149
172.2656,92.4429,-1.4987,-176.2726,175.7591,-60.0122,-172.0426,165.3263,-45.1056
174.4421,92.7019,2.4607,175.967,66.3155,175.2584,176.5051,169.8368,50.2076
-173.2455,86.6969,-153.5749,-108.7171,-179.9464,-176.8166,-93.5848,62.7907,-65.8551
177.4589,-86.2126,179.466,-177.5417,-168.591,-68.3913,95.0143,76.9486,-165.9098
177.1384,-86.3892,-179.5932,179.1463,-67.4976,-177.633,-94.4447,62.2003,-75.9724
176.0131,92.5063,-3.7672,87.0818,173.0564,161.4917,78.6305,66.8598,-49.4412
170.2772,-87.1205,152.8394,101.7364,53.3369,-95.9828,109.7036,71.5428,100.6753
-179.7964,-86.7641,-177.8236,-84.3409,-60.2274,-64.836,102.1256,78.2787,-178.1105
175.3221,92.5934,2.2135,177.2507,52.6891,-172.5467,165.8928,162.2551,156.3663
174.9663,-87.629,159.5121,113.721,-72.7493,-61.4589,-167.8213,-59.6931,-60.5689
-173.5522,87.2115,-159.5455,-96.7273,-157.8655,-161.1361,-101.6871,-66.0012,153.0209
173.9418,-86.0384,179.039,-176.6345,176.8655,-70.43,122.7906,167.9551,-47.2017
-174.8486,-92.5108,-0.7303,179.7843,-67.2498,-177.4105,-94.3242,62.3786,-76.0501
179.908,-86.9876,-176.0563,79.0078,-170.2761,-56.6701,-179.4712,64.597,-162.984
-178.01,91.2732,0.8407,-82.9751,-67.5871,-60.6757,173.2151,63.6496,-61.7155
175.7782,92.4593,-1.7873,-177.8216,-62.8819,74.6256,-175.6697,166.2349,75.3
171.4715,-86.4222,-178.8572,-82.5879,-60.8483,173.7569,174.5486,-61.5529,65.6802
-175.7809,-92.4955,-2.652,-175.7469,176.9876,-70.3658,122.851,168.0726,-46.7724
-174.4817,86.4591,-176.5703,-84.3908,-67.1339,73.7926,173.9073,64.3916,179.883
177.5365,92.1033,-0.5619,-179.136,-166.3635,65.4204,87.4368,72.0672,-169.1597
179.143,91.1551,0.5382,-82.9123,-61.7199,175.8698,-179.7204,-58.7212,-80.3905
179.92,-86.5207,-179.7247,-179.5767,-174.4754,-175.1429,-98.8749,60.8599,59.4517
174.235,-86.2203,179.6733,-177.1233,177.7388,64.3564,69.2337,143.1351,-50.688
173.566,-88.1203,-150.5751,-103.2529,-160.4143,-77.5168,-156.7285,-56.6617,92.4315
-176.6869,-92.5043,-2.1076,-177.1693,-168.6517,-68.4641,95.0434,76.9486,-165.8941
-177.3731,86.5218,178.1148,-177.0088,177.092,67.8223,-93.0487,162.1406,-48.223
176.1554,-86.4041,179.1647,85.9305,174.5567,-65.1809,95.0289,77.3374,-44.2889
-173.85,86.5948,175.4901,86.2885,-179.2974,63.592,143.9704,-71.3155,-48.7713
175.8006,91.9251,-1.6675,85.8126,-177.8674,66.7711,114.6977,-64.1828,-50.1058
-175.2905,-92.4997,-2.1228,86.7633,174.2109,-65.144,95.0916,77.2617,-42.9528
-176.3356,86.3297,178.4382,-176.5958,177.886,64.3466,69.3527,143.3522,-50.1892
173.7849,-91.041,2.3556,80.9251,-171.9147,-169.3185,161.8689,-70.3822,156.0671
-173.6991,-92.8307,0.6063,-82.8327,-60.6401,174.1786,174.875,-61.6014,66.0124
175.7885,-86.3926,178.958,-176.4614,177.3511,165.3029,-91.5256,163.669,-53.9533
-175.3289,-92.6174,-2.872,-177.2846,-62.5207,74.8753,-175.4557,166.4633,75.0905
173.6562,-86.2254,179.023,-177.7083,177.8129,61.9019,-178.0325,75.2218,-49.0169
173.8669,-86.9025,152.1807,107.807,62.6706,-70.8978,-93.278,159.7374,74.1485
174.7601,92.4419,-0.8796,-177.6048,176.9937,67.7498,-92.99,162.0683,-48.7737
177.9176,92.1094,-1.3846,86.5305,173.3815,165.6025,62.6594,63.1844,-47.6838
179.6168,88.9988,-75.6552,-83.1867,-66.4038,69.2278,-178.8561,163.84,-178.4436
-177.4311,-92.1084,-2.3998,-176.0027,177.4965,165.3676,-91.5525,163.608,-53.3985
175.9586,-86.3938,178.9788,-176.474,177.7338,167.5192,170.7353,-70.095,-51.8066
-174.7598,-92.5329,-2.269,-177.1111,177.9657,62.2156,-177.6051,75.4346,-48.4873
179.8138,-87.1602,-147.3518,-113.1718,178.7168,-179.7901,-72.5088,163.1192,-64.1398
-176.7935,86.4603,176.745,87.2054,172.9201,165.5627,62.5242,63.1318,-45.9359
-175.2053,86.7782,148.2095,110.7076,63.8537,-70.3327,-93.1638,159.8264,72.9271
179.3938,91.9418,-2.5469,87.1799,173.6996,66.7978,61.1639,64.1388,-48.3798
-175.6067,-92.3152,-1.0709,-81.4416,-70.1647,-60.9215,-177.8361,-66.2331,-172.8282
-176.6957,-91.9289,-4.1436,87.8658,173.1436,66.3704,60.9324,63.9559,-46.7587
172.7411,-86.329,178.7263,-175.9504,175.9009,-58.9608,-177.8724,-68.2855,-45.2649
175.4963,-86.1517,178.2504,-177.8572,-61.422,75.6221,173.8848,64.8754,74.5373
176.9744,-86.099,179.3916,-177.3091,-165.1562,-177.0446,90.7291,80.0567,-174.5246
-176.2304,-92.3753,-2.3816,-177.7896,-63.0024,-64.6998,96.2799,77.6693,-65.5098
-170.6583,-92.6399,0.4208,178.4871,-65.1319,-53.9299,-88.6679,165.8196,-174.1933
178.9813,-86.672,179.3656,-178.8625,-63.1904,-64.5192,96.3131,77.6669,-65.2389
-175.5854,86.2166,177.6573,-178.6322,-65.8276,75.8103,74.9405,77.311,-69.1121
173.9198,-86.1052,-178.7173,179.7917,-63.9343,166.0865,62.9008,67.9568,79.5921
177.5167,92.1949,3.4459,174.4009,63.9539,63.1062,-94.8445,160.4211,52.8153
176.0928,-86.2018,179.1017,-177.0071,-163.6486,-48.2864,-83.4776,165.9768,-168.1581
171.9447,-86.2932,154.8591,107.9602,60.8088,163.1554,82.8494,68.4357,66.5203
-175.1135,-92.3118,3.8432,-84.89,-69.316,71.0911,76.6388,78.0615,173.9045
-176.6802,-92.5562,-0.1453,-179.3404,-63.7669,166.1005,62.8807,67.9655,79.3656
172.686,-85.7512,-179.1388,177.6064,-65.6563,-54.1357,-89.362,165.6959,-174.8614
179.4328,91.7061,-1.4892,86.7243,175.1766,173.1475,-172.4825,166.1087,-47.7842
178.0674,-86.3798,-179.7566,-178.5534,-170.1136,65.871,154.9341,61.6677,-163.9081
179.4834,88.0558,-151.7245,-102.1739,-159.0218,-77.392,-156.7203,-56.8548,92.2818
176.6746,92.571,0.5155,179.3239,-66.1978,167.5459,88.9944,71.2604,-81.1567
-177.1369,87.6412,-148.1048,-113.2093,177.6127,161.951,82.9912,69.218,-63.6154
-179.0971,87.8713,-152.3451,-101.2459,-156.4886,-82.5708,99.5313,71.428,93.0722
175.6781,92.6622,-1.2214,-179.0441,-66.0567,75.6779,74.4745,77.0106,-69.0361
-178.393,-86.7104,-178.5637,-82.5041,-70.2699,-60.9781,-177.5984,-66.1618,-173.2004
-177.7775,-91.3772,-33.532,112.4159,64.4364,178.6932,91.2936,78.1258,64.3497
-175.9766,86.3293,177.8674,-175.9519,177.931,167.6622,170.9101,-69.9888,-51.2477
-175.8236,87.2138,-149.3518,-114.2352,-177.7707,-67.0792,93.892,76.7888,-58.7361
-179.1581,-92.0647,-1.063,-178.0651,-169.9668,66.5164,161.3394,160.3069,-163.6826
173.5024,-85.9264,-179.3907,179.6545,-63.5521,-169.0181,-68.0547,-46.6839,-174.8195
179.237,-86.9163,-174.8794,-85.4043,-69.2221,70.6657,76.3496,78.0421,173.794
-176.5967,-92.3882,0.6304,-179.9781,57.98,65.0105,-173.0714,75.622,176.2943
175.8649,87.1498,-177.0389,79.5301,-177.9727,-74.5574,-153.5915,-56.634,86.8619
173.9501,-86.138,179.3141,-178.2879,-62.6851,73.0837,74.3971,77.2583,77.553
-173.7254,-92.8113,-0.2283,-179.8279,-63.036,-168.8042,-68.3239,-46.9381,-173.7024
174.7132,-86.1766,-178.4095,179.7807,57.9423,65.002,-173.8926,75.7104,176.6812
-176.9234,86.2843,178.3841,-178.0595,-62.2826,73.292,74.9026,77.6433,77.339
-176.5067,-91.2105,21.8231,-103.6796,-160.1852,-58.5362,-176.9664,-67.3505,-160.8302
-175.6405,86.1614,178.0162,-176.4699,-163.5893,-48.0132,-83.021,166.1099,-168.3119
177.7426,-87.3743,-175.2202,-84.7426,-63.8754,72.7736,179.6985,164.4662,-69.7876
-179.0736,-87.8056,-178.2162,80.9308,-161.9592,70.1471,-164.573,173.5364,-168.1634
-174.6938,-92.6956,-3.0702,-177.2161,-61.131,75.7978,173.9797,64.9838,74.3992
176.0256,92.4637,-0.5349,-177.7997,-166.0072,-167.4455,-71.6813,83.7208,-162.2083
-173.5721,-91.993,34.0184,-112.1763,179.1987,168.2602,-175.7551,165.2553,-62.4178
-179.7892,87.585,177.1503,87.1475,174.7214,172.9378,-173.1066,166.0804,-46.1201
-175.925,-92.5767,-0.1557,179.2763,-68.2135,162.378,61.0049,63.8318,-73.8793
-173.9407,-92.7663,-3.1914,-178.2395,-64.664,78.8777,177.0469,-67.7076,-71.544
179.3386,87.568,148.53,112.5024,63.7669,-175.1468,-96.9355,-72.1723,61.6624
-175.299,86.2127,178.0701,-175.6438,176.3658,-58.8553,-177.8396,-68.4124,-44.9512
174.7939,-86.9459,154.1628,108.171,61.8911,-176.1949,-96.8334,-72.2037,63.2523
-172.1124,86.9476,157.7808,99.4912,39.0334,53.8872,164.5337,160.1191,178.5539
-176.9843,86.2189,-179.5845,-179.6575,57.719,64.491,-162.6105,172.9782,176.5934
-178.9174,87.4636,176.9556,87.1342,174.5806,170.7403,169.0323,62.741,-47.0328
174.3238,-86.3139,179.3394,-176.5421,175.9446,89.8751,-66.6778,174.4311,-47.261
-179.7261,-87.2519,178.317,86.743,175.0576,171.0601,169.4313,62.9098,-48.7886
-172.7214,-91.2192,-22.938,99.9328,40.0192,54.5704,159.4477,61.028,178.8288
173.3175,91.856,-21.6134,97.8552,37.5238,54.0195,164.4744,160.0015,176.6908
-172.5483,-92.3688,2.1115,176.5432,-88.7579,46.4826,170.102,70.7633,-72.0804
-173.1416,85.9228,-178.1782,177.2809,-88.0537,51.4764,166.2435,69.8889,176.6959
177.0551,92.0642,4.445,176.4972,89.0006,-50.196,-86.2734,163.1464,32.6059
-173.2086,-92.7819,-1.6059,-177.9928,-69.3134,68.0553,94.6653,172.1407,179.0667
177.1062,92.5667,-1.9149,-178.9743,-64.8855,78.7024,176.7378,-67.9172,-71.4131
175.9614,92.4631,-0.6678,-178.7913,-166.1329,64.6983,-172.7955,-57.09,-170.7177
172.7408,-87.1645,158.7783,98.4143,38.3749,54.6564,159.4892,61.1066,176.9248
173.1644,92.131,3.0812,-83.8578,-64.6289,69.3758,-177.3697,165.5916,73.1388
-171.1836,-92.3013,-4.1867,87.1143,172.1859,155.5514,81.0735,142.5647,-47.2504
-173.556,86.4695,-154.2924,-108.0625,-178.5239,62.5874,59.0821,64.1066,-64.2204
175.2893,-86.5287,179.0136,-176.0923,-58.7628,-83.1132,69.3433,57.628,78.016
176.0497,-86.3896,178.9628,85.7067,176.576,-50.3564,-62.5162,177.5379,-45.7941
-175.8107,-90.8932,-25.7181,103.3968,48.5535,-174.6881,-55.9002,173.0393,173.6026
-179.3486,-92.1459,-1.3683,-178.1179,-170.3726,65.7842,154.9335,61.6904,-163.9851
176.9891,90.492,24.0124,-105.3079,-161.2243,-58.4205,-177.0427,-67.2559,-162.8761
178.6873,-86.4678,-179.7423,-178.1033,-169.7207,67.6407,163.7201,160.5317,-163.6717
-179.2929,-87.7393,-177.767,81.0845,-161.0107,70.6889,-173.2249,76.0088,-169.0355
174.0992,91.5422,-23.9181,101.8076,47.5342,-174.3971,-55.3221,173.0837,170.4327
-175.5599,-92.4571,-2.0158,-176.1202,176.0579,89.6353,-66.994,174.444,-46.7917
174.8796,92.789,1.1769,178.5344,-68.3885,162.0603,60.9158,63.9389,-73.8743
-173.9441,-91.9724,32.7466,-111.1359,179.9827,166.4566,167.1784,62.4526,-64.9155
-175.3471,-92.114,31.4475,-112.4104,-174.4282,-52.4603,-63.4784,178.0053,-61.6621
-173.472,-92.7187,4.7473,-85.6404,-64.486,69.4141,74.6761,75.559,76.5207
-179.4731,92.0335,0.1353,-179.6786,-174.4089,-174.3981,-97.8285,-72.2434,58.9093
173.8665,-85.6704,-177.3263,175.3145,-91.3965,46.1347,-176.5003,170.1886,-72.2391
-176.8884,86.2075,179.4023,179.5756,68.3485,-62.7895,-156.7916,167.9338,-173.8374
175.8626,-86.178,-176.3404,173.1417,63.0573,78.1428,-72.5845,-178.9673,52.4867
178.7587,92.2974,0.5105,179.6186,68.731,-62.5021,-156.569,167.8719,-173.5662
177.5207,91.6919,-1.4037,101.9405,-71.2093,-170.0286,161.9143,62.1557,158.207
174.7826,-90.1955,-27.0882,122.4371,-71.9461,-54.5453,-85.5091,166.8527,-61.6891
-179.6084,-91.1787,23.7063,-104.8473,-162.7413,-69.3066,93.7221,76.7034,-162.8056
-177.1763,86.2727,179.12,-178.7402,-62.1322,164.4158,80.3112,68.3151,73.5422
172.5672,-86.0122,-178.4791,179.831,57.1767,64.9304,92.5169,72.3848,177.9268
-175.3888,87.7334,57.1031,-150.4198,90.0174,-48.2861,-73.5428,-174.4454,34.2601
-178.3934,-92.3375,-2.6446,-176.856,-165.2691,-52.1077,-62.9892,174.031,-170.6939
-176.3291,-91.8293,-2.9159,87.0351,173.9231,167.138,-92.0469,163.7203,-49.2221
179.0009,91.7466,-2.036,86.7184,174.2852,167.1464,-91.7986,163.6985,-51.1592
176.5114,90.0452,106.6493,-83.3512,-65.44,70.1267,175.1221,-69.8627,-175.4306
176.1513,-87.6158,-156.9064,-104.407,-167.2943,65.058,154.3923,61.5757,-163.612
177.6798,-89.626,106.3571,-83.5968,-65.5503,70.3532,175.1815,-69.8547,-177.8337
-177.2175,-91.4044,21.8368,-101.9951,-159.5468,-177.3917,90.8917,79.6925,-173.8021
-176.2407,-92.5226,-1.9553,-177.552,-66.3398,65.8599,94.1126,172.4622,77.4061
-175.7596,86.5807,179.5572,-81.7538,-66.9683,164.5916,60.5651,58.5641,-174.6094
178.3696,-86.405,-177.6934,178.0845,56.545,163.2588,88.766,70.6172,-68.6258
177.9434,92.3293,0.9808,179.5418,71.6879,-58.3834,-166.3092,68.6503,-173.5574
173.448,92.6127,-0.7972,-176.5448,177.2107,88.5427,-70.0975,99.1402,-47.7653
176.5897,91.3089,-26.3883,103.8733,54.0518,-64.6486,-79.1117,166.116,175.8912
179.0122,-91.337,-0.0291,-82.95,-58.7802,-63.379,96.7796,78.3609,-63.9373
176.7717,91.4345,-22.3089,102.3743,53.1784,66.2151,-170.9715,76.5938,172.1351
171.8976,-87.3065,158.748,98.2158,38.055,54.2484,159.7394,-73.0334,176.6544
-179.6035,91.603,5.42,79.0495,-173.7991,-68.1077,96.1873,77.1527,-165.8221
-178.872,91.2198,-28.4244,96.8358,34.9299,52.0412,163.8872,160.0731,-76.1021
-176.2331,-92.2336,0.8483,178.3143,54.9691,-172.0128,-65.2407,-45.7509,176.2926
-178.4869,87.4668,-167.3706,-113.6829,69.9313,59.849,101.9924,-62.6541,48.3942
174.5246,92.6283,0.9866,-83.5996,-56.4194,-82.2897,69.8097,55.9692,75.4195
171.0003,-86.1916,-176.1231,-84.6855,-68.4602,62.5317,95.694,172.7185,75.403
-173.4942,86.0699,-176.2007,-84.8514,-67.7167,63.464,95.9046,173.7608,76.0577
-172.3688,-92.479,2.6186,177.0793,-89.8157,51.0224,172.8115,-63.2251,176.6316
176.5631,89.9519,130.3768,152.209,-93.9873,49.6868,73.6724,59.147,-70.2944
-173.3421,-88.9923,150.8635,101.2813,39.5397,176.4407,-69.4399,165.6522,-79.0608
177.4446,-90.538,21.0949,-116.0742,59.5626,67.4928,87.8648,72.3219,178.1628
176.5269,90.7484,25.9302,-105.3367,-158.9895,-52.1345,-63.4107,174.791,-169.2842
177.5718,-91.0819,-2.3805,-81.4741,-64.6115,161.9927,60.5541,64.1875,-74.3157
-179.7043,-87.1376,-176.4893,79.406,-170.6929,-166.4334,-71.7745,83.321,-160.9754
-177.2855,-90.508,-26.131,105.4723,67.2247,-60.8152,-158.4935,167.9023,-175.6605
-178.7073,87.0793,-175.1847,-85.3683,-62.9052,73.8997,172.8307,-69.4343,-70.5621
174.3763,-85.8351,179.5976,178.0653,-64.1385,-49.2614,-123.7992,-60.2674,-64.3149
176.7195,-86.3223,-176.5476,175.0239,53.5796,66.3166,-92.5657,161.5752,175.3378
178.04,87.6615,-175.8805,-85.4595,-67.3656,66.7539,94.5324,173.4563,-68.3288
176.7722,-87.3282,-175.2379,-85.415,-68.1317,65.5931,94.4817,172.51,-67.462
177.874,-91.1044,-1.5409,-82.2517,-53.7078,-46.2826,-62.1443,175.7997,-67.7384
-179.7567,92.1801,1.175,-84.2084,-58.0838,-51.9799,-74.26,91.6567,173.2457
176.8342,87.1612,176.6697,82.0679,-166.2361,64.7285,146.0889,-71.4881,-164.2985
-177.1137,-92.4483,-0.2092,179.5786,70.5131,-60.4608,-161.1289,-62.515,-174.3579
-176.2409,-92.373,-0.8508,-83.0057,-58.2003,-51.9168,-74.2208,91.7064,173.5769
-179.124,86.5202,-179.5636,179.1147,56.5754,171.7279,-178.7835,171.2492,-70.0806
179.146,91.4751,1.3432,-83.3589,-53.3499,-44.7949,-151.5788,172.9899,-64.6013
-174.5086,-92.3666,2.0883,177.4149,-85.8923,45.6262,171.1065,-63.617,73.3892
173.6185,92.9309,-2.6626,-175.5889,-75.8993,76.5475,-101.3294,166.0099,-178.4503
-172.7998,-92.8775,-3.2748,-175.0531,-74.3571,77.7389,-102.1166,165.9216,-176.9825
-176.1266,86.1592,-179.301,177.2882,47.4761,54.503,73.4257,151.2939,174.4573
178.9758,-86.5466,-177.7933,178.2763,56.8931,171.782,-179.0578,171.1205,-68.7805
174.0422,91.6747,-22.3295,102.0242,52.297,65.9354,93.6737,72.561,173.5825
176.4583,-86.2512,178.4361,-178.2788,-70.4298,66.8713,92.1822,-56.9898,-69.7781
-174.8418,-92.7133,-4.0475,-175.8246,-72.6556,79.1025,-105.3167,166.3403,-67.4012
-177.9372,86.9939,177.4643,85.9374,173.5856,-47.8596,-119.3582,-60.6753,-39.7834
179.5369,91.5217,-0.9705,85.6185,174.096,-47.6878,-119.2243,-60.5864,-41.5503
-174.1349,-92.6178,0.1794,-81.8718,-70.1487,-55.8479,-88.5513,111.8057,174.0621
-170.6065,-90.8515,103.4001,-82.9375,-63.3949,67.4516,175.1412,-69.3897,71.4754
177.3806,92.3144,-0.4074,-178.1888,-166.8548,69.0211,-105.3447,161.9294,-171.8171
173.8954,90.592,103.0832,-83.0743,-63.0529,67.3342,174.9761,-69.4899,71.3243
176.1029,90.9439,25.019,-103.5861,-160.2811,-166.8316,-69.4568,-49.6102,-157.1563
-176.0835,87.6906,155.5026,104.7759,70.6249,-56.2058,-168.6124,68.3618,-175.8698
175.4318,92.5752,1.8087,-82.9836,-70.5079,-55.7557,-88.5202,111.2707,173.2898
-179.1081,-86.9965,-176.0187,79.2103,-170.6025,-164.9067,-70.2427,-50.0769,-154.9918
-178.7178,-87.7418,-179.0643,81.1917,-163.9843,67.7079,112.0807,-62.8126,-164.9834
-172.8504,-90.6059,-30.0452,98.1582,35.7982,52.1975,159.7459,-72.9081,-75.543
-175.3547,-91.0408,-25.3116,103.0706,49.1826,-171.8431,-65.2292,-45.3501,172.0484
-172.3955,85.8309,-179.7466,-82.4336,-59.7557,-81.3161,134.2667,-70.5999,79.9438
-177.3028,-92.4226,-1.8728,-177.4999,-167.0251,69.0912,-105.1811,162.0522,-171.8404
-173.9698,-92.7103,4.0398,173.8546,71.4101,-61.3517,-106.716,-62.484,60.9122
174.7133,92.8034,4.57,174.0714,71.503,-61.2012,-107.2008,-62.6293,59.7862
175.1193,-87.1922,157.1574,101.7613,48.1822,-171.6246,-65.1632,-45.0339,169.4005
178.1954,-86.8285,178.8822,85.9062,176.4846,-43.1471,-88.9475,-36.4835,-43.3726
-174.3333,86.2656,-176.9463,-83.7728,-70.3805,72.2743,-175.0819,166.0185,178.5354
178.0595,-86.9201,177.8841,86.65,172.4687,158.0139,67.7272,-80.3515,-47.5866
-178.6935,86.8915,-179.8239,-82.5687,-59.3295,-49.0324,-126.1845,-59.9386,-63.0143
176.13,92.2647,-2.7764,-175.4764,-69.8837,75.2746,-103.5561,166.4214,74.2283
176.2736,92.2508,2.663,178.0314,-90.8005,52.1193,102.3653,171.2888,73.2013
-172.7304,89.7737,-33.9765,104.7094,48.7034,-65.2085,-69.3074,178.0716,-73.547
-177.0673,87.7775,-146.3062,-114.9617,175.6897,148.7138,78.6132,-86.1684,-61.174
174.7251,-87.104,-156.929,-103.6503,-161.254,69.6485,-107.9594,162.3428,-171.3309
-175.985,87.6404,150.4724,101.4829,40.4623,170.2448,-178.0061,171.4801,-83.4778
172.5058,-86.1415,159.0719,104.8257,57.0013,148.4333,79.1441,-87.3602,69.5134
176.8619,-86.192,-178.8109,178.3901,-68.7325,157.0334,67.6077,-79.8889,-72.2625
175.353,-86.1315,-178.6398,179.7553,-64.4144,157.5316,66.0486,-78.9641,77.1921
-175.1219,-92.5164,-0.5458,179.6887,-66.8094,155.7319,82.279,-89.5202,-76.3899
175.9195,-87.2947,-158.7015,-101.6829,-162.4431,63.2863,107.3317,-62.8166,-167.2379
-174.6602,85.9256,-178.4612,178.271,-98.5837,51.6531,99.4007,-60.9134,179.1252
-176.9094,86.0695,178.2995,-175.7161,-163.7757,88.041,-72.3258,95.7405,-169.0711
-179.1537,-87.3523,-177.904,-83.6422,-62.6931,-72.0662,122.1106,-65.0429,-62.764
175.0557,92.3577,-1.1143,-177.4063,-162.7692,-44.1427,-87.262,-37.4608,-166.8147
-175.4293,-92.5371,-2.0058,-177.1321,-162.6937,-44.1262,-87.1215,-37.4888,-166.8449
-176.9278,-92.4926,-1.7041,-178.9003,-60.539,-48.7153,-72.9688,-42.0347,-66.7848
173.534,-91.0535,1.7573,81.8333,-173.6346,70.3568,-102.0718,162.2188,-172.845
175.7933,-85.9779,-178.3633,-82.9225,-63.4542,157.7363,65.9563,-78.8345,74.6742
174.4399,-86.8573,-157.1076,-103.1026,-161.8395,62.6906,65.9752,-82.7419,-171.0656
176.1435,-85.9728,-179.0887,-179.7556,-62.7479,154.8296,79.4557,-87.862,75.6366
172.4354,-89.3943,-37.9794,132.7179,-69.7498,-49.5399,-85.2361,-35.18,-174.5322
173.7501,91.801,-22.5339,98.746,35.2805,52.4882,71.9901,-78.0649,168.9204
-175.4745,86.2313,179.3223,-178.7689,-62.5911,154.9803,79.3039,-87.8675,75.4545
173.6003,87.3703,-178.4135,80.8115,175.3743,65.1646,79.7498,-75.473,-174.6524
178.9229,-86.2973,-177.7341,-82.6223,-70.7958,-49.0169,-88.9493,-34.7772,177.8549
178.76,87.5354,179.0846,-82.1961,-54.296,-47.1829,-73.5991,-42.3059,-65.8652
175.4,86.6466,-178.3227,79.9991,-170.0961,-50.3078,-73.5206,-42.9869,-168.8692
178.5542,-91.4233,-1.5567,-81.799,-67.7607,-62.2656,-176.7364,165.1848,-62.4912
179.9163,91.7687,-0.6883,-177.5791,-167.165,-163.2252,-104.9994,67.784,157.7757
-179.5941,86.7075,178.4902,-177.7948,-167.3558,-163.3559,-104.9558,67.8611,157.8218
-175.9041,-92.3803,-0.8538,-179.8285,-65.4338,175.8988,-176.174,171.3767,-81.1027
176.7852,92.4561,0.5145,179.482,-65.5273,175.7341,-176.0781,171.353,-81.133
-176.2512,87.166,-152.7418,-109.394,-179.129,174.0828,-179.7363,170.7365,-67.8032
175.5219,92.5626,0.5965,-179.8837,-62.4979,178.7212,-81.2588,159.8044,69.0488
-175.6668,-91.1204,-24.774,115.3804,-72.5496,-62.3635,-164.514,168.5051,-59.6664
-175.1845,85.9811,178.1405,-176.778,-165.3667,-56.7007,-179.2175,64.5416,-163.499
175.9722,87.2163,-177.063,79.5492,-178.1174,-76.5356,108.1948,71.0636,82.8636
178.8871,-87.2444,-178.6371,-83.011,-61.7975,175.2192,-176.4187,171.3607,-79.9284
-177.0466,-92.1362,-2.4934,-175.8891,177.8692,169.8336,-175.1992,165.4813,-50.204
171.721,92.4204,0.8505,-82.8037,-60.8016,173.1732,178.457,169.7291,65.6001
-177.121,87.9059,-158.7499,-103.9644,-160.8102,-59.5799,-171.4068,165.7381,-161.3322
173.0859,92.8117,0.799,179.4539,-64.4941,-172.2848,-66.3388,89.8687,176.1366
177.8311,-86.7555,-178.3805,102.7836,-70.9247,-163.8624,-103.9162,-65.3619,159.7375
-179.9757,87.3184,148.3734,112.4112,63.4557,-176.0722,-98.2007,60.6175,62.1556
-174.5739,-92.4907,-1.4999,-178.5305,-166.0672,64.3572,179.8787,73.9291,-170.8852
-174.905,-91.2531,22.3252,-103.7646,-160.1878,-57.5498,179.1902,64.3997,-160.5283
175.2776,-86.2587,-175.8236,174.2732,71.4914,-62.7492,-108.2239,71.0928,58.2413
-178.9198,-92.3626,1.6765,178.4142,53.1118,51.7285,159.6514,159.9576,-62.2454
-171.6886,86.0376,175.3372,87.314,172.8494,161.5248,78.5158,66.7351,-47.6358
-176.4424,-92.1499,-0.5144,-83.0839,-60.2918,-64.7267,102.0257,78.1799,-177.9452
171.6626,-85.7039,165.5719,97.4179,50.9864,52.1238,157.2768,61.4291,71.8394
178.8751,87.3572,-179.652,-82.9082,-61.8386,176.2613,-179.2976,-58.7687,-81.796
173.5082,89.833,30.2097,-102.496,-157.7834,-82.5437,99.9215,71.4052,92.9428
-175.9278,-88.6831,152.4376,99.9887,39.4816,171.5887,172.5223,72.7826,-83.3192
-171.5216,90.0812,18.3403,-116.9053,69.7248,59.7696,102.6606,169.4705,47.8219
-174.8906,-92.4085,-1.3894,-178.9662,-166.2854,65.6166,87.5869,72.1566,-169.1376
-176.1154,-92.0322,-0.3512,-82.5503,-66.2641,178.7803,91.6962,78.7787,177.1169
175.3105,-88.414,-75.7631,-84.0965,-65.4551,70.5544,173.1138,63.9314,-175.442
-179.2902,-86.6549,-177.0082,-84.5428,-65.8783,-173.6648,-64.6207,90.8782,172.0803
